temp_amb;cara_1;cara_2;corriente;tiempo;diferencia
26,57;28,68;28,34;0;350028;0,34
26,58;28,71;28,36;0;349932;0,35
26,58;28,69;28,35;0;350008;0,34
26,58;28,68;28,36;0;349992;0,32
26,59;28,67;28,32;0;350004;0,35
26,59;28,64;28,35;0;349952;0,29
26,6;28,69;28,33;0;349984;0,36
26,62;28,68;28,28;0;350000;0,4
26,62;28,69;28,33;0;349968;0,36
26,63;28,7;28,35;2,153118134;350488;0,35
26,63;28,67;28,3;2,181505442;350516;0,37
26,63;28,74;28,17;2,266666651;350468;0,57
26,63;29;28,04;2,22494626;350456;0,96
26,64;29,48;27,73;2,193978548;350584;1,75
26,65;29,88;27,49;2,162580729;350480;2,39
26,64;30,54;27,07;2,127311707;350372;3,47
26,65;31,08;26,6;2,100214958;350528;4,48
26,66;31,64;26,2;2,070967674;350500;5,44
26,66;32,5;25,78;2,042150497;348636;6,72
26,66;33,09;25,3;2,018494606;349392;7,79
26,66;33,64;24,96;1,9939785;350624;8,68
26,66;34,4;24,5;1,972903252;350560;9,9
26,66;35,05;24,08;1,952688217;350472;10,97
26,67;35,73;23,67;1,929462433;350372;12,06
26,67;36,46;23,24;1,914408684;350392;13,22
26,66;37,2;22,96;1,893763542;349712;14,24
26,66;37,91;22,65;1,861935616;349220;15,26
26,67;38,68;22,53;1,857634544;347948;16,15
26,67;39,29;22,23;1,848602104;347660;17,06
26,67;39,85;22,04;1,812042999;349104;17,81
26,68;40,77;21,87;1,815053749;348216;18,9
26,68;41,48;21,73;1,799139738;348360;19,75
26,67;42,27;21,69;1,78838706;348476;20,58
26,69;43;21,62;1,784085989;348152;21,38
26,67;43,6;21,55;1,767741919;347944;22,05
26,67;44,37;21,5;1,753978491;347644;22,87
26,68;45;21,42;1,741935492;347768;23,58
26,69;45,59;21,39;1,730322599;347680;24,2
26,69;46,24;21,37;1,72129035;348032;24,87
26,69;46,88;21,32;1,712688208;347048;25,56
26,68;47,47;21,31;1,702365637;347048;26,16
26,69;48,01;21,3;1,692043066;347332;26,71
26,7;48,58;21,3;1,688602209;346948;27,28
26,69;49,2;21,28;1,67655921;346660;27,92
26,69;49,68;21,27;1,669247389;346372;28,41
26,69;50,25;21,28;1,660215139;346732;28,97
26,69;50,82;21,29;1,652473211;346864;29,53
26,68;51,33;21,29;1,645591497;346792;30,04
26,69;51,75;21,29;1,636129141;346820;30,46
26,69;52,3;21,3;1,636559248;346760;31
26,69;52,72;21,32;1,626666784;347268;31,4
26,68;53,14;21,37;1,621075392;348180;31,77
26,69;53,65;21,4;1,612903357;346988;32,25
26,69;54,16;21,43;1,615914106;346708;32,73
26,69;54,58;21,48;1,608172178;346816;33,1
26,7;55,06;21,56;1,601290464;347024;33,5
26,7;55,42;21,62;1,591828108;347232;33,8
26,7;55,86;21,73;1,593118429;347604;34,13
26,71;56,37;21,82;1,585376501;347648;34,55
26,71;56,73;21,91;1,579355001;347676;34,82
26,71;57,12;22,01;1,573763466;347696;35,11
26,71;57,44;22,11;1,56860218;347820;35,33
26,71;57,84;22,24;1,567311859;347788;35,6
26,71;58,23;22,37;1,564731216;347232;35,86
26,71;58,64;22,5;1,558709717;347028;36,14
26,72;58,96;22,57;1,553548431;346740;36,39
26,71;59,31;22,62;1,553548431;347080;36,69
26,72;59,66;22,7;1,550107574;346960;36,96
26,73;60,09;22,79;1,545806503;347228;37,3
26,73;60,38;22,97;1,539785004;347508;37,41
26,74;60,73;23,09;1,537204361;348204;37,64
26,73;61,06;23,2;1,534193611;348380;37,86
26,74;61,39;23,35;1,534623718;348472;38,04
26,74;61,76;23,5;1,52989254;348292;38,26
26,75;62,09;23,63;1,52688179;348232;38,46
26,74;62,39;23,77;1,523440933;348176;38,62
26,76;62,72;23,96;1,516559219;348200;38,76
26,76;63,09;24,05;1,514838791;348024;39,04
26,74;63,32;24,15;1,514408684;348236;39,17
26,73;63,63;24,35;1,513978577;348140;39,28
26,72;63,99;24,53;1,510967827;348124;39,46
26,73;64,26;24,68;1,505376434;347856;39,58
26,73;64,6;24,85;1,502365685;348020;39,75
26,73;64,83;24,97;1,498064613;348080;39,86
26,73;65,14;25,07;1,497634506;347948;40,07
26,73;65,43;25,18;1,496774292;347820;40,25
26,73;65,71;25,37;1,494193649;347928;40,34
26,73;66,04;25,52;1,490752792;347836;40,52
26,75;66,23;25,71;1,488602257;348028;40,52
26,75;66,55;25,91;1,483871078;347728;40,64
26,75;66,78;26,05;1,48215065;347640;40,73
26,75;67,08;26,18;1,484731293;347804;40,9
26,75;67,25;26,31;1,480860329;348036;40,94
26,75;67,55;26,52;1,477419472;348108;41,03
26,76;67,85;26,64;1,472258186;348200;41,21
26,77;68,08;26,88;1,468817329;348024;41,2
26,76;68,37;27,04;1,471397972;348024;41,33
26,76;68,61;27,16;1,469247437;347976;41,45
26,76;68,84;27,39;1,465376472;347912;41,45
26,75;69,1;27,54;1,464086151;347880;41,56
26,74;69,35;27,75;1,459354973;347880;41,6
26,75;69,62;27,96;1,458924866;347864;41,66
26,76;69,83;28,06;1,461505508;347848;41,77
26,75;70,05;28,23;1,45677433;347888;41,82
26,75;70,32;28,46;1,45376358;347916;41,86
26,74;70,53;28,61;1,450322723;347640;41,92
26,74;70,8;28,82;1,448172188;347644;41,98
26,73;71,05;28,94;1,448172188;347504;42,11
26,75;71,19;29,05;1,448602295;347280;42,14
26,75;71,41;29,22;1,445161247;347560;42,19
26,74;71,65;29,44;1,44172039;347620;42,21
26,74;71,96;29,63;1,440860033;347524;42,33
26,74;72,17;29,81;1,440860033;347496;42,36
26,74;72,44;29,97;1,439569712;347396;42,47
26,74;72,62;30,09;1,436989069;347512;42,53
26,74;72,85;30,26;1,432257891;347780;42,59
26,74;73,03;30,43;1,434838533;347788;42,6
26,74;73,35;30,67;1,431827784;347096;42,68
26,74;73,56;30,91;1,428386927;346476;42,65
26,75;73,81;31,08;1,428386927;346252;42,73
26,76;74,03;31,25;1,428386927;346216;42,78
26,75;74,23;31,41;1,424515963;346192;42,82
26,76;74,46;31,58;1,422795534;346684;42,88
26,76;74,66;31,7;1,42494607;346908;42,96
26,77;74,87;31,89;1,420644999;346932;42,98
26,76;75,05;32,13;1,41892457;345984;42,92
26,76;75,26;32,32;1,418494463;345648;42,94
26,77;75,5;32,47;1,415483713;345660;43,03
26,78;75,76;32,61;1,413763285;346228;43,15
26,78;75,96;32,73;1,414623499;346676;43,23
26,77;76,18;32,85;1,413333178;347148;43,33
26,78;76,39;32,93;1,409032106;347396;43,46
26,78;76,55;33,04;1,406021357;347572;43,51
26,79;76,77;33,29;1,408171892;347656;43,48
26,78;76,95;33,42;1,406451464;347692;43,53
26,79;77,18;33,61;1,405161142;347920;43,57
26,79;77,4;33,77;1,4025805;347912;43,63
26,78;77,59;33,87;1,399999857;347884;43,72
26,77;77,8;34,01;1,399999857;347912;43,79
26,74;77,96;34,18;1,4025805;347968;43,78
26,73;78,16;34,37;1,401720285;348080;43,79
26,72;78,31;34,57;1,395698786;348224;43,74
26,71;78,48;34,81;1,396128893;348248;43,67
26,68;78,71;35,04;1,393978357;347104;43,67
26,68;78,89;35,22;1,396128893;346624;43,67
26,67;79,08;35,43;1,393118143;346288;43,65
26,66;79,37;35,54;1,3905375;346544;43,83
26,65;79,56;35,7;1,391827822;346632;43,86
26,65;79,79;35,79;1,388817072;346688;44
26,65;79,96;35,95;1,386666536;346436;44,01
26,65;80,15;36,1;1,388386965;346188;44,05
26,65;80,3;36,25;1,384946108;346312;44,05
26,64;80,48;36,37;1,383655787;346568;44,11
26,65;80,71;36,49;1,384946108;346512;44,22
26,65;80,89;36,59;1,382795572;346732;44,3
26,64;81,15;36,7;1,381505251;346800;44,45
26,65;81,3;36,84;1,379784822;346732;44,46
26,65;81,5;36,96;1,381075144;346608;44,54
26,65;81,71;37,09;1,377634287;346416;44,62
26,65;81,86;37,24;1,377634287;346476;44,62
26,64;82,05;37,37;1,378494501;346748;44,68
26,64;82,26;37,49;1,376774073;347032;44,77
26,64;82,41;37,66;1,37118268;347056;44,75
26,64;82,61;37,78;1,374623537;347144;44,83
26,63;82,76;37,92;1,374623537;346796;44,84
26,63;82,91;38,11;1,370752573;346132;44,8
26,63;83,13;38,22;1,375913858;345992;44,91
26,62;83,32;38,3;1,370322466;345888;45,02
26,62;83,47;38,41;1,366451502;346128;45,06
26,61;83,64;38,62;1,37118268;346048;45,02
26,62;83,82;38,8;1,369032145;346244;45,02
26,62;83,98;38,97;1,364731073;346212;45,01
26,61;84,2;39,17;1,366451502;346176;45,03
26,61;84,35;39,36;1,364731073;345660;44,99
26,6;84,49;39,51;1,36516118;345312;44,98
26,61;84,68;39,68;1,360430002;344704;45
26,61;84,84;39,89;1,364731073;344436;44,95
26,61;85;40,04;1,359999895;344424;44,96
26,61;85,18;40,15;1,359139681;344448;45,03
26,59;85,31;40,36;1,358279467;344424;44,95
26,61;85,47;40,52;1,359569788;344504;44,95
26,59;85,66;40,66;1,356559038;344512;45
26,61;85,8;40,78;1,358709574;344712;45,02
26,61;85,97;40,95;1,35182786;344664;45,02
26,6;86,15;41,05;1,356128931;344628;45,1
26,61;86,27;41,16;1,351397753;344696;45,11
26,6;86,42;41,34;1,352257967;344912;45,08
26,61;86,61;41,51;1,349247217;344912;45,1
26,61;86,74;41,63;1,352257967;344952;45,11
26,61;86,83;41,75;1,350967646;345000;45,08
26,61;86,97;41,89;1,34881711;345080;45,08
26,62;87,16;41,97;1,347526789;345012;45,19
26,62;87,33;42,04;1,347526789;345072;45,29
26,62;87,48;42,17;1,347096682;344984;45,31
26,62;87,68;42,38;1,34279561;344812;45,3
26,62;87,76;42,54;1,347956896;345068;45,22
26,63;87,9;42,7;1,34580636;344964;45,2
26,63;88,04;42,83;1,347526789;345196;45,21
26,63;88,19;43,03;1,343225718;345196;45,16
26,64;88,33;43,23;1,345376253;345228;45,1
26,64;88,51;43,39;1,342365503;345460;45,12
26,65;88,64;43,56;1,339784861;345344;45,08
26,65;88,81;43,74;1,344516039;345528;45,07
26,65;89;43,87;1,338494539;345496;45,13
26,66;89,15;43,99;1,336344004;345560;45,16
26,65;89,31;44,14;1,341075182;345828;45,17
26,66;89,51;44,26;1,339354753;345516;45,25
26,66;89,7;44,4;1,340645075;345032;45,3
26,66;89,83;44,57;1,335913897;345268;45,26
26,67;90,04;44,72;1,335483789;345328;45,32
26,68;90,18;44,83;1,335913897;345504;45,35
26,68;90,32;44,95;1,332903147;345628;45,37
26,68;90,46;45,09;1,334193468;345512;45,37
26,69;90,58;45,21;1,334623575;345696;45,37
26,69;90,68;45,45;1,330752611;345848;45,23
26,69;90,81;45,67;1,332903147;345988;45,14
26,69;91;45,89;1,332042933;345624;45,11
26,7;91,14;46,08;1,328602076;345384;45,06
26,69;91,34;46,3;1,332042933;345628;45,04
26,7;91,49;46,47;1,331612825;345636;45,02
26,71;91,66;46,67;1,326881647;345324;44,99
26,72;91,77;46,88;1,329892397;344952;44,89
26,71;91,92;47,06;1,326021433;344648;44,86
26,71;92,08;47,28;1,328171968;344728;44,8
26,71;92,18;47,42;1,326021433;344736;44,76
26,7;92,33;47,64;1,326881647;344556;44,69
26,71;92,53;47,76;1,324731112;344540;44,77
26,71;92,62;47,9;1,325161219;344548;44,72
26,72;92,74;48,11;1,323010683;344800;44,63
26,71;92,84;48,25;1,322150469;344900;44,59
26,72;93,05;48,42;1,323010683;345012;44,63
26,73;93,15;48,59;1,321290255;345532;44,56
26,74;93,28;48,75;1,324731112;345584;44,53
26,73;93,38;48,89;1,321290255;345712;44,49
26,74;93,49;49,09;1,32043004;345724;44,4
26,73;93,59;49,26;1,323010683;345928;44,33
26,72;93,68;49,4;1,319999933;346164;44,28
26,72;93,82;49,53;1,318279505;346236;44,29
26,7;93,96;49,69;1,319999933;346324;44,27
26,7;94,04;49,79;1,319569826;346020;44,25
26,69;94,19;49,93;1,315698862;346076;44,26
26,7;94,3;50,09;1,319999933;345984;44,21
26,7;94,45;50,22;1,316559076;345904;44,23
26,68;94,54;50,39;1,317419291;345964;44,15
26,68;94,62;50,52;1,316989183;345768;44,1
26,67;94,76;50,66;1,313978434;345628;44,1
26,66;94,89;50,84;1,316989183;345112;44,05
26,66;94,99;51,01;1,313548326;345152;43,98
26,65;95,09;51,11;1,317419291;345408;43,98
26,65;95,21;51,22;1,314838648;345608;43,99
26,64;95,32;51,3;1,310537577;345844;44,02
26,64;95,43;51,43;1,316128969;346016;44
26,64;95,54;51,64;1,312258005;345668;43,9
26,65;95,65;51,87;1,311397791;345280;43,78
26,64;95,77;52,09;1,313118219;345428;43,68
26,65;95,9;52,26;1,310967684;345740;43,64
26,64;96,02;52,44;1,311827898;346296;43,58
26,64;96,15;52,67;1,309677362;345808;43,48
26,61;96,35;52,85;1,309247255;345312;43,5
26,59;96,5;53;1,309247255;345152;43,5
26,58;96,64;53,13;1,308817148;345348;43,51
26,56;96,8;53,28;1,311397791;345652;43,52
26,54;96,9;53,4;1,308817148;345956;43,5
26,52;97;53,63;1,306236386;345732;43,37
26,5;97,11;53,81;1,308817148;345128;43,3
26,49;97,25;54,02;1,30709672;344696;43,23
26,45;97,37;54,27;1,308817148;344688;43,1
26,43;97,46;54,45;1,305376291;345104;43,01
26,4;97,56;54,57;1,309677362;345504;42,99
26,37;97,69;54,71;1,305806398;345776;42,98
26,35;97,86;54,92;1,302365422;346184;42,94
26,33;97,96;55,25;1,307526827;345132;42,71
26,31;98,02;55,48;1,305806279;344628;42,54
26,3;98,14;55,69;1,305376291;344572;42,45
26,3;98,24;55,87;1,302365541;344556;42,37
26,29;98,41;56,08;1,306236386;344108;42,33
26,29;98,48;56,2;1,301935315;344024;42,28
26,29;98,58;56,35;1,306666613;344320;42,23
26,28;98,67;56,51;1,302365422;344616;42,16
26,26;98,79;56,64;1,304946184;345164;42,15
26,25;98,92;56,77;1,301505208;345432;42,15
26,23;98,97;56,96;1,299354668;345848;42,01
26,23;99,08;57,18;1,302365541;345284;41,9
26,2;99,17;57,3;1,301935315;345496;41,87
26,19;99,23;57,45;1,299784899;345576;41,78
26,19;99,34;57,56;1,300214887;345688;41,78
26,18;99,43;57,67;1,299354668;345608;41,76
26,18;99,49;57,76;1,299784775;345792;41,73
26,17;99,62;57,93;1,299354668;345680;41,69
26,18;99,73;58,07;1,299354668;345684;41,66
26,18;99,84;58,2;1,300214887;345556;41,64
26,18;99,92;58,3;1,296774025;345660;41,62
26,19;100,05;58,44;1,298494453;345760;41,61
26,19;100,17;58,57;1,296774025;345764;41,6
26,19;100,28;58,7;1,295913811;345904;41,58
26,2;100,38;58,85;1,297634239;345968;41,53
26,2;100,44;58,92;1,296774025;346044;41,52
26,21;100,55;59,05;1,294623489;345812;41,5
26,21;100,69;59,16;1,298064346;345664;41,53
26,22;100,79;59,27;1,296343918;345660;41,52
26,22;100,88;59,39;1,292903061;345416;41,49
26,23;100,97;59,45;1,296774025;345572;41,52
26,24;101,12;59,59;1,294193382;345604;41,53
26,23;101,17;59,68;1,294623489;345572;41,49
26,24;101,3;59,86;1,295053596;345656;41,44
26,24;101,39;59,96;1,292903061;345620;41,43
26,25;101,45;60,11;1,294623489;345812;41,34
26,25;101,6;60,26;1,292472954;345740;41,34
26,25;101,72;60,37;1,292472954;345784;41,35
26,26;101,8;60,52;1,294193382;345584;41,28
26,26;101,94;60,66;1,289892311;345312;41,28
26,26;102,03;60,84;1,293333168;345296;41,19
26,27;102,12;61;1,293763275;345248;41,12
26,27;102,18;61,11;1,287741776;345332;41,07
26,27;102,3;61,27;1,292903061;345384;41,03
26,27;102,36;61,4;1,289032097;345464;40,96
26,28;102,42;61,52;1,290322418;345592;40,9
26,29;102,55;61,64;1,28860199;345604;40,91
26,29;102,71;61,75;1,288171883;345664;40,96
26,29;102,84;61,88;1,289462204;345452;40,96
26,3;102,98;62,05;1,286881561;345396;40,93
26,3;103,13;62,2;1,289892311;345288;40,93
26,3;103,24;62,32;1,289032097;345288;40,92
26,31;103,33;62,45;1,286021347;345260;40,88
26,32;103,44;62,55;1,289032097;345308;40,89
26,32;103,53;62,66;1,286021347;345216;40,87
26,33;103,66;62,82;1,286881561;344716;40,84
26,33;103,76;62,9;1,286021347;344968;40,86
26,34;103,89;63,06;1,287311668;344168;40,83
26,35;103,97;63,12;1,286021347;344104;40,85
26,35;104,06;63,25;1,287741776;344128;40,81
26,36;104,18;63,38;1,28559124;344460;40,8
26,36;104,25;63,49;1,285161133;344612;40,76
26,36;104,31;63,55;1,286021347;344888;40,76
26,37;104,4;63,65;1,283870811;345112;40,75
26,38;104,49;63,79;1,284300919;345256;40,7
26,38;104,62;63,92;1,28258049;345156;40,7
26,38;104,73;64,05;1,28559124;345236;40,68
26,39;104,84;64,14;1,282150383;345132;40,7
26,4;104,97;64,26;1,28559124;344980;40,71
26,39;105,07;64,36;1,283010597;345116;40,71
26,4;105,19;64,44;1,281720276;344988;40,75
26,4;105,28;64,53;1,283010597;345192;40,75
26,4;105,4;64,62;1,281720276;345160;40,78
26,4;105,51;64,72;1,281720276;345104;40,79
26,39;105,63;64,86;1,279569745;345208;40,77
26,39;105,73;64,94;1,281720276;345080;40,79
26,39;105,83;65,03;1,280860062;344996;40,8
26,39;105,92;65,14;1,280860062;344840;40,78
26,39;106,08;65,28;1,281720276;344980;40,8
26,4;106,2;65,37;1,279569745;345116;40,83
26,4;106,26;65,42;1,282150383;345232;40,84
26,4;106,36;65,54;1,279139638;345276;40,82
26,4;106,45;65,66;1,282150383;345184;40,79
26,41;106,62;65,75;1,279999852;345100;40,87
26,42;106,7;65,88;1,280429955;344476;40,82
26,44;106,83;65,99;1,278709531;344264;40,84
26,43;106,96;66,1;1,282150383;344260;40,86
26,44;107,1;66,23;1,277849317;344464;40,87
26,44;107,2;66,32;1,280429955;344652;40,88
26,44;107,28;66,45;1,278279424;345004;40,83
26,45;107,35;66,54;1,277849317;345064;40,81
26,44;107,48;66,69;1,277849317;345176;40,79
26,45;107,55;66,78;1,275268674;345284;40,77
26,46;107,67;66,91;1,278279424;345316;40,76
26,45;107,83;66,96;1,276558995;345268;40,87
26,47;107,91;67,08;1,279139638;345244;40,83
26,46;108,03;67,2;1,276558995;345312;40,83
26,46;108,14;67,23;1,277849317;345324;40,91
26,47;108,24;67,29;1,276128888;345344;40,95
26,48;108,29;67,4;1,273548245;345332;40,89
26,47;108,39;67,49;1,276558995;345364;40,9
26,46;108,52;67,6;1,27440846;345332;40,92
26,48;108,59;67,76;1,276558995;345196;40,83
26,49;108,68;67,87;1,27440846;345284;40,81
26,49;108,8;67,97;1,275268674;345152;40,83
26,49;108,9;68,08;1,274838567;345156;40,82
26,49;109;68,17;1,27139771;345072;40,83
26,5;109,1;68,28;1,274838567;345040;40,82
26,5;109,2;68,35;1,27440846;345068;40,85
26,5;109,26;68,44;1,275698781;345028;40,82
26,52;109,35;68,54;1,272688031;345192;40,81
26,5;109,48;68,66;1,276989102;345128;40,82
26,5;109,61;68,75;1,273548245;345068;40,86
26,5;109,7;68,88;1,270107388;345252;40,82
26,49;109,8;68,97;1,275268674;345308;40,83
26,5;109,96;69,08;1,273978353;345272;40,88
26,5;110,04;69,17;1,276128888;345316;40,87
26,49;110,12;69,3;1,272257924;345124;40,82
26,5;110,21;69,37;1,273978353;345280;40,84
26,5;110,32;69,43;1,273978353;345316;40,89
26,49;110,39;69,49;1,272688031;345288;40,9
26,5;110,55;69,56;1,273548245;345000;40,99
26,5;110,68;69,64;1,270537496;344812;41,04
26,5;110,74;69,71;1,273978353;345016;41,03
26,5;110,83;69,85;1,270967603;345032;40,98
26,49;110,93;69,93;1,272688031;344956;41
26,5;111,03;70,05;1,270967603;344964;40,98
26,49;111,08;70,19;1,269247174;345124;40,89
26,49;111,16;70,3;1,269247174;345160;40,86
26,49;111,23;70,35;1,26838696;345224;40,88
26,48;111,3;70,44;1,270537496;345344;40,86
26,48;111,38;70,54;1,267526746;345304;40,84
26,48;111,43;70,61;1,271827817;345176;40,82
26,47;111,49;70,72;1,269247174;345204;40,77
26,47;111,55;70,83;1,267096639;344840;40,72
26,47;111,62;70,88;1,269677281;344956;40,74
26,46;111,67;70,97;1,267956853;344824;40,7
26,46;111,71;71,06;1,268817067;344772;40,65
26,46;111,79;71,15;1,266666532;344820;40,64
26,45;111,88;71,22;1,270967603;344792;40,66
26,45;111,96;71,33;1,267956853;344776;40,63
26,44;112,05;71,41;1,269247174;344812;40,64
26,43;112,1;71,5;1,26838696;344856;40,6
26,43;112,17;71,62;1,268817067;344928;40,55
26,43;112,27;71,72;1,266666532;344924;40,55
26,42;112,37;71,79;1,26537621;344936;40,58
26,42;112,46;71,9;1,26838696;345028;40,56
26,41;112,52;71,95;1,266666532;345060;40,57
26,42;112,56;72,01;1,267096639;344984;40,55
26,42;112,56;72,09;1,265806317;345092;40,47
26,42;112,65;72,18;1,269677281;345160;40,47
26,42;112,7;72,23;1,266666532;345144;40,47
26,42;112,76;72,28;1,26537621;345232;40,48
26,42;112,86;72,36;1,265806317;345160;40,5
26,42;112,92;72,43;1,266236424;345160;40,49
26,42;112,97;72,49;1,264515996;345136;40,48
26,42;113,12;72,59;1,26236546;344932;40,53
26,42;113,22;72,71;1,266666532;344932;40,51
26,41;113,34;72,79;1,263655782;344880;40,55
26,42;113,45;72,88;1,266666532;344776;40,57
26,42;113,47;72,96;1,261935353;344792;40,51
26,41;113,52;73,04;1,266666532;344744;40,48
26,42;113,56;73,09;1,263225675;344808;40,47
26,42;113,6;73,19;1,263225675;344640;40,41
26,42;113,65;73,29;1,263225675;344628;40,36
26,42;113,73;73,34;1,264946103;344604;40,39
26,42;113,76;73,41;1,264085889;344580;40,35
26,42;113,83;73,5;1,262795568;344492;40,33
26,43;113,87;73,59;1,262795568;344584;40,28
26,42;113,95;73,68;1,26537621;344608;40,27
26,42;114,01;73,75;1,263225675;344420;40,26
26,42;114,08;73,85;1,26236546;344384;40,23
26,42;114,15;73,94;1,261075139;344436;40,21
26,41;114,23;74,03;1,263655782;344312;40,2
26,41;114,29;74,09;1,261075139;344464;40,2
26,41;114,34;74,19;1,26236546;344404;40,15
26,41;114,4;74,27;1,261935353;344312;40,13
26,4;114,49;74,34;1,264515996;344264;40,15
26,39;114,58;74,4;1,261505246;344096;40,18
26,4;114,6;74,48;1,264085889;344188;40,12
26,41;114,67;74,57;1,259354711;344184;40,1
26,41;114,71;74,64;1,262795568;344072;40,07
26,41;114,78;74,76;1,261505246;344048;40,02
26,42;114,86;74,84;1,261935353;344044;40,02
26,42;114,93;74,94;1,259354711;344080;39,99
26,42;115;74,97;1,261505246;344264;40,03
26,41;115,06;75,07;1,261075139;344416;39,99
26,43;115,07;75,11;1,259784818;344484;39,96
26,42;115,14;75,22;1,258064389;344788;39,92
26,43;115,23;75,31;1,260645032;344824;39,92
26,42;115,3;75,32;1,258494496;344828;39,98
26,43;115,36;75,42;1,261505246;345112;39,94
26,44;115,43;75,53;1,258494496;344820;39,9
26,46;115,47;75,62;1,261935353;344928;39,85
26,46;115,57;75,7;1,258494496;344784;39,87
26,46;115,64;75,76;1,261075139;344748;39,88
26,46;115,71;75,85;1,258494496;344836;39,86
26,47;115,78;75,91;1,260214925;344832;39,87
26,47;115,86;75,97;1,259784818;344864;39,89
26,48;115,9;76,09;1,258064389;344808;39,81
26,48;115,98;76,17;1,259354711;344944;39,81
26,48;116,06;76,24;1,258064389;344816;39,82
26,5;116,11;76,3;1,258924603;344956;39,81
26,5;116,19;76,36;1,257634282;345200;39,83
26,51;116,32;76,43;1,260214925;345484;39,89
26,51;116,37;76,46;1,257634282;345628;39,91
26,51;116,41;76,53;1,257204175;345732;39,88
26,53;116,46;76,57;1,260645032;345828;39,89
26,53;116,53;76,64;1,258494496;346108;39,89
26,53;116,6;76,7;1,258064389;346476;39,9
26,54;116,74;76,77;1,259784818;346688;39,97
26,54;116,84;76,82;1,258494496;346848;40,02
26,55;116,86;76,88;1,256774068;346696;39,98
26,55;116,93;76,97;1,263225675;346644;39,96
26,55;117,01;77,08;1,258064389;346292;39,93
26,55;117,07;77,21;1,255913854;345884;39,86
26,56;117,12;77,28;1,259354711;345632;39,84
26,57;117,23;77,31;1,256774068;345652;39,92
26,57;117,27;77,41;1,258494496;345312;39,86
26,57;117,32;77,55;1,256774068;345056;39,77
26,58;117,37;77,62;1,261075139;345028;39,75
26,57;117,42;77,67;1,258064389;345092;39,75
26,57;117,53;77,75;1,258064389;344656;39,78
26,56;117,62;77,84;1,258064389;344832;39,78
26,55;117,73;77,93;1,259784818;345124;39,8
26,54;117,8;77,96;1,256774068;345124;39,84
26,51;117,87;78,03;1,255483747;345312;39,84
26,49;117,95;78,08;1,258064389;345288;39,87
26,48;117,99;78,13;1,256774068;345320;39,86
26,46;118,04;78,16;1,261075139;345512;39,88
26,45;118,08;78,22;1,257204175;345660;39,86
26,44;118,18;78,27;1,258494496;345744;39,91
26,42;118,23;78,32;1,258064389;345688;39,91
26,39;118,35;78,38;1,255913854;345952;39,97
26,38;118,4;78,39;1,260214925;345828;40,01
26,34;118,48;78,45;1,258064389;345896;40,03
26,3;118,53;78,48;1,256774068;345840;40,05
26,29;118,64;78,55;1,259784818;345888;40,09
26,27;118,73;78,6;1,257204175;345800;40,13
26,26;118,76;78,62;1,259354711;345968;40,14
26,26;118,75;78,69;1,256774068;345924;40,06
26,27;118,79;78,77;1,257634282;346064;40,02
26,26;118,86;78,81;1,259354711;346004;40,05
26,27;118,87;78,87;1,256343961;346124;40
26,26;118,93;78,94;1,256774068;345960;39,99
26,26;118,99;78,97;1,258494496;345996;40,02
26,26;119,02;79,07;1,256343961;345692;39,95
26,26;119,09;79,16;1,260214925;345408;39,93
26,25;119,19;79,18;1,257634282;345420;40,01
26,23;119,28;79,27;1,255913854;345208;40,01
26,22;119,36;79,36;1,258064389;344972;40
26,22;119,46;79,45;1,258494496;344776;40,01
26,22;119,51;79,52;1,257634282;344780;39,99
26,22;119,52;79,6;1,256343961;344740;39,92
26,22;119,54;79,66;1,260214925;344776;39,88
26,22;119,59;79,68;1,257204175;344824;39,91
26,21;119,62;79,74;1,257204175;344776;39,88
26,22;119,71;79,82;1,255913854;344676;39,89
26,21;119,77;79,86;1,259354711;344688;39,91
26,21;119,83;79,92;1,257204175;344696;39,91
26,2;119,88;80;1,256774068;344624;39,88
26,18;119,92;80,06;1,255483747;344660;39,86
26,16;119,97;80,12;1,258494496;344612;39,85
26,16;120,06;80,15;1,257634282;344656;39,91
26,15;120,13;80,2;1,257634282;344744;39,93
26,13;120,21;80,27;1,255483747;344900;39,94
26,13;120,28;80,31;1,258924603;345100;39,97
26,12;120,33;80,35;1,255053639;345244;39,98
26,12;120,37;80,41;1,258064389;345136;39,96
26,1;120,43;80,46;1,255053639;345392;39,97
26,1;120,51;80,49;1,256774068;345540;40,02
26,1;120,57;80,54;1,257204175;345556;40,03
26,1;120,64;80,59;1,254623532;345736;40,05
26,09;120,73;80,66;1,259354711;345776;40,07
26,09;120,82;80,69;1,256774068;345868;40,13
26,09;120,86;80,77;1,253763318;345880;40,09
26,08;120,95;80,82;1,256774068;345784;40,13
26,07;120,97;80,83;1,255913854;346220;40,14
26,04;121;80,91;1,253763318;345872;40,09
26,02;121,04;80,95;1,255483747;345648;40,09
26,01;121,12;81,01;1,253333211;345424;40,11
26,01;121,15;81,05;1,256343961;345368;40,1
26;121,11;81,12;1,252903104;345420;39,99
26;121,02;81,17;1,255483747;344984;39,85
26;120,98;81,21;1,254623532;344948;39,77
26;120,91;81,29;1,254623532;344924;39,62
25,99;120,89;81,37;1,254193425;344780;39,52
26;120,82;81,41;1,255053639;344864;39,41
26;120,81;81,48;1,255913854;344748;39,33
26,01;120,77;81,55;1,254193425;344764;39,22
26,01;120,74;81,6;1,255053639;344776;39,14
26,02;120,74;81,66;1,254623532;344808;39,08
26,03;120,75;81,71;1,255053639;344804;39,04
26,01;120,76;81,78;1,25204289;344720;38,98
26,02;120,78;81,84;1,254623532;344796;38,94
26,02;120,8;81,88;1,255053639;344752;38,92
26,02;120,81;81,95;1,253333211;344800;38,86
26,01;120,84;82;1,25204289;344716;38,84
26;120,86;82,05;1,255053639;344740;38,81
25,99;120,89;82,09;1,255053639;344752;38,8
25,99;120,93;82,12;1,257204175;344716;38,81
25,98;120,95;82,18;1,253333211;344632;38,77
25,99;121,01;82,25;1,256774068;344640;38,76
25,98;121,01;82,3;1,254193425;344612;38,71
25,96;121,06;82,35;1,256774068;344596;38,71
25,95;121,07;82,35;1,252903104;344640;38,72
25,95;121,13;82,45;1,254193425;344668;38,68
25,92;121,19;82,52;1,254623532;344728;38,67
25,92;121,25;82,58;1,254623532;344656;38,67
25,92;121,3;82,63;1,255053639;344696;38,67
25,9;121,35;82,69;1,254623532;344720;38,66
25,9;121,4;82,73;1,253333211;344764;38,67
25,89;121,45;82,81;1,253333211;344860;38,64
25,9;121,48;82,85;1,254193425;344784;38,63
25,9;121,5;82,94;1,254193425;344720;38,56
25,91;121,53;82,99;1,258924603;344748;38,54
25,92;121,55;83,04;1,254193425;344508;38,51
25,91;121,6;83,12;1,254193425;344472;38,48
25,92;121,61;83,14;1,25204289;344576;38,47
25,92;121,69;83,21;1,253763318;344460;38,48
25,91;121,74;83,23;1,253333211;344528;38,51
25,91;121,81;83,3;1,253333211;344520;38,51
25,92;121,84;83,39;1,252472997;344460;38,45
25,93;121,89;83,44;1,254193425;344512;38,45
25,92;121,95;83,5;1,253333211;344584;38,45
25,92;122,02;83,56;1,252903104;344556;38,46
25,93;122,08;83,59;1,253333211;344584;38,49
25,93;122,13;83,65;1,253333211;344588;38,48
25,92;122,23;83,69;1,256343961;344620;38,54
25,94;122,29;83,73;1,251612782;344628;38,56
25,92;122,37;83,78;1,252472997;344584;38,59
25,94;122,41;83,84;1,249462247;344624;38,57
25,93;122,46;83,9;1,25204289;344568;38,56
25,93;122,55;83,99;1,25204289;344604;38,56
25,92;122,66;84,04;1,25204289;344500;38,62
25,93;122,75;84,09;1,249462247;344396;38,66
25,92;122,84;84,14;1,250322461;344292;38,7
25,92;122,92;84,22;1,252472997;344096;38,7
25,9;123;84,22;1,252472997;344024;38,78
25,89;123,11;84,31;1,253333211;344276;38,8
25,89;123,21;84,4;1,250322461;344300;38,81
25,87;123,38;84,44;1,25204289;344344;38,94
25,88;123,44;84,49;1,250322461;344368;38,95
25,89;123,55;84,56;1,250752568;344516;38,99
25,88;123,68;84,61;1,249462247;344544;39,07
25,89;123,8;84,64;1,250322461;344488;39,16
25,88;123,94;84,69;1,250322461;344336;39,25
25,89;124,06;84,76;1,250322461;344288;39,3
25,89;124,19;84,81;1,249892354;344408;39,38
25,9;124,33;84,9;1,250322461;344356;39,43
25,9;124,41;84,96;1,25204289;344364;39,45
25,9;124,51;85,04;1,249892354;344332;39,47
25,9;124,54;85,07;1,250322461;344436;39,47
25,91;124,59;85,12;1,246451497;344460;39,47
25,91;124,59;85,16;1,248602033;344260;39,43
25,92;124,61;85,18;1,247311711;344308;39,43
25,92;124,6;85,23;1,247741818;344268;39,37
25,93;124,53;85,25;1,247311711;344292;39,28
25,93;124,57;85,33;1,248171926;344448;39,24
25,93;124,57;85,39;1,247741818;344364;39,18
25,94;124,53;85,47;1,248171926;344328;39,06
25,94;124,49;85,52;1,249462247;344320;38,97
25,95;124,51;85,64;1,247311711;344276;38,87
25,96;124,5;85,69;1,249892354;344460;38,81
25,96;124,51;85,72;1,246881604;344304;38,79
25,97;124,52;85,78;1,249892354;344464;38,74
25,97;124,55;85,88;1,246451497;344536;38,67
25,99;124,59;85,92;1,24903214;344376;38,67
26;124,6;85,97;1,247741818;344484;38,63
26;124,65;86,01;1,249892354;344580;38,64
26,01;124,74;86,05;1,245591283;344556;38,69
26,01;124,8;86,1;1,248171926;344488;38,7
26,02;124,91;86,17;1,247311711;344716;38,74
26,03;124,94;86,19;1,249462247;344572;38,75
26,03;125,06;86,27;1,247741818;344580;38,79
26,04;125,19;86,34;1,247311711;344564;38,85
26,04;125,2;86,38;1,249462247;344528;38,82
26,04;125,24;86,41;1,24903214;344540;38,83
26,06;125,27;86,52;1,249892354;344548;38,75
26,06;125,3;86,56;1,247741818;344600;38,74
26,06;125,33;86,58;1,249892354;344628;38,75
26,06;125,31;86,65;1,247311711;344636;38,66
26,07;125,34;86,73;1,248171926;344552;38,61
26,07;125,33;86,8;1,245591283;344576;38,53
26,09;125,35;86,83;1,248171926;344584;38,52
26,1;125,35;86,91;1,246881604;344532;38,44
26,1;125,32;86,96;1,247741818;344540;38,36
26,11;125,31;87,02;1,24301064;344588;38,29
26,11;125,29;87,04;1,247741818;344532;38,25
26,12;125,28;87,08;1,24602139;344508;38,2
26,13;125,3;87,15;1,245591283;344592;38,15
26,13;125,28;87,25;1,245161176;344540;38,03
26,13;125,24;87,28;1,245161176;344608;37,96
26,14;125,22;87,36;1,247311711;344520;37,86
26,17;125,24;87,42;1,245161176;344624;37,82
26,16;125,24;87,46;1,246451497;344552;37,78
26,17;125,24;87,51;1,246881604;344572;37,73
26,18;125,29;87,56;1,248171926;344604;37,73
26,19;125,33;87,6;1,246451497;344568;37,73
26,19;125,35;87,65;1,247741818;344576;37,7
26,21;125,39;87,69;1,246451497;344608;37,7
26,21;125,47;87,77;1,247311711;344648;37,7
26,21;125,54;87,82;1,24602139;344612;37,72
26,22;125,6;87,89;1,24602139;344644;37,71
26,23;125,66;87,93;1,24602139;344680;37,73
26,24;125,74;87,99;1,24903214;344736;37,75
26,25;125,78;88,03;1,246881604;344768;37,75
26,25;125,83;88,08;1,246881604;344752;37,75
26,25;125,9;88,13;1,246451497;344780;37,77
26,25;125,99;88,21;1,248602033;344844;37,78
26,24;126,1;88,26;1,246451497;344772;37,84
26,24;126,16;88,32;1,247741818;344804;37,84
26,23;126,26;88,4;1,24602139;344764;37,86
26,23;126,32;88,45;1,249462247;344812;37,87
26,23;126,37;88,48;1,247311711;344772;37,89
26,23;126,42;88,51;1,247741818;344792;37,91
26,24;126,48;88,59;1,245591283;344768;37,89
26,24;126,55;88,62;1,249892354;344720;37,93
26,24;126,65;88,68;1,245161176;344760;37,97
26,24;126,66;88,72;1,247311711;344760;37,94
26,24;126,73;88,8;1,245591283;344648;37,93
26,25;126,77;88,85;1,246881604;344620;37,92
26,24;126,81;88,89;1,24602139;344624;37,92
26,24;126,82;88,94;1,246451497;344600;37,88
26,25;126,86;88,99;1,245161176;344632;37,87
26,25;126,88;89,01;1,247311711;344648;37,87
26,25;126,91;89,05;1,24602139;344648;37,86
26,26;126,94;89,08;1,246451497;344776;37,86
26,26;126,99;89,17;1,240860105;344748;37,82
26,27;127,03;89,23;1,245161176;344772;37,8
26,25;127,03;89,26;1,24301064;344744;37,77
26,26;127,07;89,36;1,243870854;344740;37,71
26,26;127,09;89,43;1,242150426;344548;37,66
26,27;127,16;89,48;1,24602139;344616;37,68
26,27;127,21;89,56;1,243440747;344568;37,65
26,25;127,24;89,58;1,247311711;344636;37,66
26,26;127,28;89,64;1,242580533;344704;37,64
26,25;127,33;89,67;1,246881604;344700;37,66
26,24;127,36;89,69;1,243440747;344832;37,67
26,23;127,43;89,75;1,24602139;344812;37,68
26,22;127,51;89,8;1,24301064;344920;37,71
26,22;127,59;89,86;1,245591283;344988;37,73
26,22;127,67;89,9;1,244300961;345080;37,77
26,21;127,73;89,93;1,245161176;345012;37,8
26,21;127,81;89,99;1,242580533;344944;37,82
26,2;127,88;90,03;1,245591283;344840;37,85
26,19;127,94;90,08;1,24301064;344824;37,86
26,19;127,96;90,14;1,25204289;344768;37,82
26,19;128,06;90,23;1,257204175;344824;37,83
26,19;128,13;90,26;1,247311711;344728;37,87
26,2;128,17;90,32;1,247741818;344652;37,85
26,19;128,21;90,41;1,243870854;344444;37,8
26,18;128,24;90,43;1,244300961;344604;37,81
26,17;128,29;90,48;1,24602139;344616;37,81
26,16;128,28;90,47;1,245591283;344688;37,81
26,17;128,3;90,53;1,245591283;344736;37,77
26,16;128,35;90,61;1,24602139;344612;37,74
26,17;128,36;90,63;1,247741818;344708;37,73
26,17;128,37;90,68;1,246881604;344644;37,69
26,18;128,39;90,75;1,248171926;344700;37,64
26,18;128,4;90,8;1,246881604;344612;37,6
26,19;128,42;90,84;1,248171926;344576;37,58
26,19;128,5;90,89;1,242150426;344568;37,61
26,19;128,54;90,95;1,152688146;344508;37,59
26,2;128,63;90,99;1,030967712;344400;37,64
26,19;128,68;91,03;1,218924642;344484;37,65
26,2;128,71;91,04;1,22546454;343976;37,67
26,19;128,78;91,13;1,238279462;344400;37,65
26,17;128,83;91,16;1,246451497;344336;37,67
26,16;128,89;91,23;1,25204289;344340;37,66
26,16;129,01;91,29;1,248602033;344428;37,72
26,15;129,12;91,33;1,215483785;344392;37,79
26,15;129,19;91,39;1,240860105;344420;37,8
26,15;129,28;91,42;1,238709569;344484;37,86
26,15;129,34;91,46;1,240429997;344516;37,88
26,14;129,44;91,49;1,245161176;344436;37,95
26,15;129,52;91,51;1,243870854;344396;38,01
26,15;129,67;91,54;1,249462247;344096;38,13
26,15;129,75;91,58;1,247311711;344008;38,17
26,15;129,76;91,59;1,24903214;343880;38,17
26,15;129,82;91,66;1,248602033;343932;38,16
26,15;129,91;91,73;1,247311711;344036;38,18
26,16;129,97;91,74;1,250322461;344148;38,23
26,14;130,03;91,79;1,25204289;344060;38,24
26,13;130,13;91,83;1,250322461;344084;38,3
26,13;130,18;91,85;1,248171926;344184;38,33
26,13;130,23;91,91;1,250322461;344168;38,32
26,12;130,26;91,95;1,249892354;344024;38,31
26,12;130,27;91,96;1,251182675;344156;38,31
26,12;130,29;91,97;1,250322461;344276;38,32
26,12;130,35;92,02;1,252472997;344200;38,33
26,13;130,36;92,05;1,252903104;344168;38,31
26,13;130,39;92,09;1,250752568;344140;38,3
26,12;130,4;92,13;1,252472997;344136;38,27
26,12;130,43;92,2;1,250322461;344064;38,23
26,13;130,49;92,23;1,252903104;344204;38,26
26,13;130,55;92,26;1,249892354;344120;38,29
26,12;130,58;92,3;1,251612782;344060;38,28
26,13;130,57;92,32;1,250322461;344120;38,25
26,13;130,58;92,37;1,25204289;344124;38,21
26,13;130,61;92,42;1,250752568;344224;38,19
26,14;130,57;92,44;1,25204289;344264;38,13
26,13;130,56;92,45;1,251182675;344208;38,11
26,14;130,62;92,49;1,251182675;344248;38,13
26,14;130,63;92,51;1,251612782;344136;38,12
26,15;130,64;92,54;1,251182675;344272;38,1
26,16;130,66;92,57;1,251182675;344232;38,09
26,16;130,69;92,61;1,249892354;344076;38,08
26,17;130,72;92,63;1,251612782;344056;38,09
26,18;130,78;92,66;1,249462247;343952;38,12
26,19;130,79;92,69;1,25204289;343972;38,1
26,18;130,81;92,77;1,250322461;343920;38,04
26,2;130,85;92,78;1,250752568;343900;38,07
26,19;130,88;92,83;1,252472997;343964;38,05
26,17;130,86;92,86;1,251612782;343968;38
26,19;130,92;92,86;1,25204289;343924;38,06
26,18;130,99;92,88;1,250322461;343852;38,11
26,19;131,08;92,93;1,251182675;343932;38,15
26,19;131,12;92,96;1,25204289;343916;38,16
26,19;131,14;92,98;1,251612782;343992;38,16
26,19;131,17;93,02;1,25204289;343936;38,15
26,19;131,18;93,06;1,251182675;343888;38,12
26,2;131,18;93,08;1,252903104;343928;38,1
26,19;131,2;93,13;1,250322461;343868;38,07
26,19;131,17;93,19;1,252903104;343780;37,98
26,2;131,17;93,2;1,250752568;343732;37,97
26,2;131,15;93,28;1,251612782;343644;37,87
26,21;131,13;93,33;1,254193425;343580;37,8
26,21;131,13;93,38;1,252472997;343400;37,75
26,23;131,13;93,41;1,253333211;343384;37,72
26,23;131,12;93,48;1,250322461;343120;37,64
26,24;131,17;93,5;1,25204289;343260;37,67
26,24;131,19;93,53;1,252472997;343232;37,66
26,24;131,21;93,57;1,251182675;343316;37,64
26,24;131,27;93,56;1,253333211;343376;37,71
26,24;131,3;93,65;0;342788;37,65
26,25;131,31;93,65;0;342916;37,66
26,25;131,36;93,77;0;342920;37,59
26,25;131,32;93,9;0;342956;37,42
26,25;131,26;94,06;0;343072;37,2
26,26;131,09;94,3;0;343164;36,79
26,28;130,8;94,57;0;343436;36,23
26,28;130,42;94,86;0;343956;35,56
26,29;130,05;95,32;0;343104;34,73
26,29;129,69;95,65;0;342712;34,04
26,29;129,23;96;0;343440;33,23
26,3;128,81;96,36;0;343748;32,45
26,3;128,41;96,66;0;344292;31,75
26,3;127,98;96,96;0;344040;31,02
26,31;127,54;97,44;0;343480;30,1
26,31;127,09;97,8;0;343484;29,29
26,32;126,66;98,12;0;343892;28,54
26,33;126,21;98,42;0;344296;27,79
26,33;125,76;98,73;0;344508;27,03
26,33;125,3;99,09;0;344316;26,21
26,34;124,81;99,4;0;343644;25,41
26,34;124,34;99,69;0;343812;24,65
26,35;123,89;99,86;0;344092;24,03
26,36;123,41;100,13;0;344500;23,28
26,36;123;100,37;0;344300;22,63
26,36;122,49;100,61;0;344800;21,88
26,36;122,01;100,8;0;344800;21,21
26,36;121,59;101,04;0;344568;20,55
26,35;121,2;101,27;0;343636;19,93
26,34;120,76;101,47;0;343744;19,29
26,34;120,33;101,63;0;343812;18,7
26,35;119,94;101,73;0;343952;18,21
26,34;119,51;101,87;0;344232;17,64
26,33;119,07;102,02;0;344604;17,05
26,32;118,71;102,13;0;344520;16,58
26,32;118,34;102,23;0;344752;16,11
26,33;117,97;102,33;0;344704;15,64
26,32;117,6;102,47;0;344248;15,13
26,32;117,2;102,55;0;344852;14,65
26,33;116,82;102,61;0;344940;14,21
26,32;116,51;102,7;0;344828;13,81
26,33;116,12;102,75;0;344984;13,37
26,34;115,82;102,85;0;344808;12,97
26,35;115,51;102,92;0;344556;12,59
26,35;115,13;102,98;0;344708;12,15
26,36;114,87;103,05;0;343852;11,82
26,36;114,61;103,14;0;343188;11,47
26,36;114,18;103,15;0;343640;11,03
26,35;113,92;103,21;0;343580;10,71
26,34;113,63;103,22;0;343420;10,41
26,34;113,33;103,22;0;343580;10,11
26,33;113,03;103,2;0;343760;9,83
26,32;112,71;103,23;0;343824;9,48
26,32;112,43;103,22;0;343752;9,21
26,32;112,16;103,18;0;343784;8,98
26,32;111,91;103,2;0;343584;8,71
26,31;111,6;103,2;0;343728;8,4
26,3;111,33;103,19;0;343784;8,14
26,3;111,11;103,09;0;344024;8,02
26,3;110,84;103,01;0;344432;7,83
26,3;110,62;103;0;344400;7,62
26,3;110,3;102,94;0;344864;7,36
26,29;110,11;102,89;0;344936;7,22
26,3;109,84;102,81;0;344884;7,03
26,29;109,63;102,75;0;344724;6,88
26,28;109,37;102,72;0;344760;6,65
26,27;109,13;102,66;0;344704;6,47
26,27;108,88;102,59;0;344728;6,29
26,27;108,62;102,57;0;344888;6,05
26,26;108,38;102,51;0;344872;5,87
26,26;108,17;102,46;0;344932;5,71
26,26;107,92;102,4;0;344776;5,52
26,26;107,71;102,34;0;344752;5,37
26,26;107,51;102,25;0;344744;5,26
26,26;107,3;102,22;0;344612;5,08
26,26;107,16;102,15;0;344268;5,01
26,25;107,05;102,11;0;344144;4,94
26,26;106,78;102;0;344016;4,78
26,26;106,49;101,93;0;344500;4,56
26,27;106,3;101,88;0;344380;4,42
26,26;106,14;101,81;0;344112;4,33
26,27;106;101,76;0;343916;4,24
26,27;105,92;101,71;0;343852;4,21
26,28;105,96;101,66;0;343628;4,3
26,29;105,93;101,6;0;343708;4,33
26,28;105,52;101,48;0;343780;4,04
26,28;105,2;101,39;0;343908;3,81
26,29;104,94;101,33;0;344100;3,61
26,29;104,72;101,27;0;344168;3,45
26,3;104,52;101,13;0;344428;3,39
26,3;104,33;100,97;0;344352;3,36
26,3;104,18;100,88;0;344284;3,3
26,3;104;100,8;0;344072;3,2
26,31;103,84;100,74;0;344120;3,1
26,3;103,6;100,67;0;344556;2,93
26,31;103,38;100,55;0;344756;2,83
26,31;103,22;100,47;0;344724;2,75
26,32;103,04;100,39;0;344716;2,65
26,31;102,85;100,27;0;344800;2,58
26,31;102,65;100,19;0;344976;2,46
26,32;102,45;100,12;0;344944;2,33
26,32;102,37;100,02;0;344800;2,35
26,32;102,2;99,92;0;344516;2,28
26,32;102,06;99,82;0;344228;2,24
26,32;101,91;99,76;0;344112;2,15
26,33;101,7;99,7;0;344192;2
26,33;101,49;99,59;0;344284;1,9
26,33;101,35;99,49;0;344168;1,86
26,33;101,22;99,42;0;344032;1,8
26,33;101,06;99,33;0;344052;1,73
26,34;100,91;99,25;0;343952;1,66
26,33;100,78;99,12;0;344396;1,66
26,34;100,58;98,97;0;344876;1,61
26,35;100,45;98,87;0;345016;1,58
26,35;100,35;98,77;0;344944;1,58
26,35;100,2;98,67;0;344792;1,53
26,36;100,07;98,55;0;344656;1,52
26,36;99,92;98,46;0;344544;1,46
26,37;99,77;98,35;0;344424;1,42
26,37;99,62;98,29;0;344380;1,33
26,38;99,49;98,2;0;344388;1,29
26,38;99,38;98,11;0;344100;1,27
26,38;99,31;97,99;0;343824;1,32
26,39;99,17;97,89;0;343744;1,28
26,38;99,04;97,8;0;343324;1,24
26,39;98,96;97,74;0;343172;1,22
26,39;98,87;97,66;0;343088;1,21
26,39;98,74;97,53;0;342836;1,21
26,39;98,57;97,42;0;342764;1,15
26,39;98,49;97,34;0;342936;1,15
26,39;98,38;97,19;0;343588;1,19
26,39;98,31;97,06;0;343820;1,25
26,4;98,13;96,93;0;344260;1,2
26,4;97,97;96,82;0;344288;1,15
26,4;97,89;96,74;0;344148;1,15
26,4;97,75;96,66;0;344008;1,09
26,4;97,6;96,6;0;343880;1
26,4;97,46;96,47;0;343800;0,99
26,4;97,39;96,41;0;343796;0,98
26,41;97,21;96,33;0;343668;0,88
26,42;97,08;96,25;0;343536;0,83
26,41;97;96,12;0;343420;0,88
26,41;96,88;96,07;0;343292;0,81
26,42;96,74;95,95;0;343148;0,79
26,43;96,62;95,88;0;343020;0,74
26,43;96,49;95,78;0;343064;0,71
26,43;96,37;95,65;0;343244;0,72
26,43;96,21;95,54;0;343412;0,67
26,44;96,11;95,44;0;343428;0,67
26,45;96;95,39;0;343444;0,61
26,45;95,88;95,23;0;343856;0,65
26,45;95,76;95,13;0;344028;0,63
26,46;95,66;94,97;0;344208;0,69
26,46;95,56;94,87;0;344124;0,69
26,47;95,47;94,81;0;344096;0,66
26,47;95,37;94,69;0;344144;0,68
26,47;95,23;94,6;0;344056;0,63
26,48;95,3;94,5;0;344068;0,8
26,48;95,29;94,41;0;344088;0,88
26,48;95,29;94,34;0;343968;0,95
26,48;95,2;94,24;0;343880;0,96
26,49;94,96;94,19;0;343604;0,77
26,48;94,75;94,16;0;343564;0,59
26,47;94,61;94;0;343324;0,61
26,48;94,48;93,94;0;343508;0,54
26,48;94,33;93,85;0;343508;0,48
26,49;94,25;93,73;0;343444;0,52
26,49;94,09;93,61;0;343528;0,48
26,49;93,92;93,5;0;343580;0,42
26,49;93,79;93,41;0;343452;0,38
26,5;93,69;93,33;0;343644;0,36
26,51;93,59;93,17;0;343880;0,42
26,51;93,52;93,04;0;343860;0,48
26,52;93,41;92,96;0;343644;0,45
26,53;93,31;92,9;0;343516;0,41
26,55;93,23;92,81;0;343536;0,42
26,55;93,16;92,72;0;343400;0,44
26,55;93,07;92,62;0;343244;0,45
26,56;92,95;92,51;0;343240;0,44
26,56;92,83;92,47;0;343204;0,36
26,56;92,69;92,39;0;343152;0,3
26,56;92,62;92,28;0;343168;0,34
26,56;92,54;92,21;0;343132;0,33
26,55;92,51;92,12;0;343192;0,39
26,55;92,44;92,03;0;343196;0,41
26,55;92,24;91,93;0;343412;0,31
26,55;92,16;91,85;0;343532;0,31
26,56;92,11;91,75;0;343660;0,36
26,56;92,03;91,63;0;343452;0,4
26,57;91,95;91,57;0;343436;0,38
26,57;91,82;91,48;0;343292;0,34
26,58;91,69;91,41;0;343376;0,28
26,58;91,59;91,33;0;343320;0,26
26,59;91,43;91,22;0;343936;0,21
26,59;91,31;91,11;0;343864;0,2
26,59;91,19;91,02;0;343924;0,17
26,6;91,1;90,94;0;344048;0,16
26,61;90,93;90,85;0;344120;0,08
26,61;90,86;90,73;0;344196;0,13
26,62;90,75;90,65;0;344288;0,1
26,63;90,66;90,55;0;344412;0,11
26,64;90,59;90,46;0;344304;0,13
26,64;90,49;90,37;0;344572;0,12
26,65;90,43;90,23;0;344820;0,2
26,66;90,31;90,13;0;344692;0,18
26,66;90,23;90,06;0;344504;0,17
26,66;90,14;89,95;0;344296;0,19
26,66;90,07;89,89;0;344148;0,18
26,66;89,97;89,82;0;344080;0,15
26,67;89,87;89,7;0;343768;0,17
26,67;89,74;89,65;0;343712;0,09
26,68;89,75;89,57;0;343632;0,18
26,68;89,71;89,51;0;343452;0,2
26,69;89,62;89,42;0;343736;0,2
26,69;89,48;89,25;0;344260;0,23
26,69;89,37;89,16;0;344356;0,21
26,69;89,28;89,09;0;344612;0,19
26,69;89,18;89,02;0;344500;0,16
26,69;89,09;88,94;0;344440;0,15
26,69;89;88,86;0;344508;0,14
26,68;88,91;88,77;0;344292;0,14
26,68;88,8;88,68;0;344144;0,12
26,68;88,73;88,57;0;344236;0,16
26,68;88,66;88,5;0;344168;0,16
26,68;88,6;88,45;0;344176;0,15
26,69;88,5;88,38;0;344124;0,12
26,68;88,45;88,26;0;344048;0,19
26,69;88,32;88,16;0;344048;0,16
26,68;88,31;88,11;0;343996;0,2
26,68;88,26;88,05;0;343992;0,21
26,68;88,17;87,97;0;343848;0,2
26,68;88,08;87,85;0;343760;0,23
26,68;88;87,8;0;343616;0,2
26,69;87,89;87,69;0;343600;0,2
26,69;87,82;87,6;0;343580;0,22
26,68;87,76;87,55;0;343380;0,21
26,68;87,72;87,46;0;343460;0,26
26,68;87,64;87,42;0;343584;0,22
26,68;87,5;87,31;0;343668;0,19
26,68;87,36;87,21;0;343824;0,15
26,67;87,29;87,09;0;343804;0,2
26,68;87,18;87,04;0;343768;0,14
26,67;87,08;86,96;0;343760;0,12
26,67;86,94;86,88;0;343768;0,06
26,67;86,83;86,75;0;343740;0,08
26,67;86,77;86,69;0;343828;0,08
26,66;86,72;86,61;0;343824;0,11
26,67;86,66;86,55;0;343864;0,11
26,68;86,62;86,48;0;343808;0,14
26,69;86,52;86,38;0;343904;0,14
26,7;86,42;86,28;0;343768;0,14
26,7;86,33;86,18;0;343952;0,15
26,7;86,24;86,13;0;343852;0,11
26,71;86,19;86,08;0;343740;0,11
26,72;86,09;86,01;0;343732;0,08
26,72;85,95;85,94;0;343908;0,01
26,72;85,9;85,85;0;343708;0,05
26,72;85,81;85,77;0;343588;0,04
26,72;85,76;85,7;0;343696;0,06
26,72;85,71;85,6;0;343608;0,11
26,72;85,64;85,53;0;343608;0,11
26,7;85,53;85,42;0;343604;0,11
26,68;85,47;85,37;0;343588;0,1
26,66;85,4;85,24;0;343580;0,16
26,65;85,3;85,16;0;343652;0,14
26,64;85,24;85,12;0;343544;0,12
26,64;85,16;85,08;0;343576;0,08
26,63;85,02;85,01;0;343628;0,01
26,62;84,95;84,9;0;343696;0,05
26,62;84,85;84,8;0;343660;0,05
26,61;84,78;84,7;0;343764;0,08
26,6;84,73;84,63;0;343788;0,1
26,6;84,61;84,57;0;343716;0,04
26,59;84,56;84,48;0;343692;0,08
26,59;84,44;84,39;0;343636;0,05
26,58;84,35;84,31;0;343564;0,04
26,58;84,28;84,23;0;343608;0,05
26,58;84,23;84,14;0;343540;0,09
26,57;84,17;84,1;0;343564;0,07
26,56;84,07;83,98;0;343588;0,09
26,57;83,93;83,89;0;343596;0,04
26,56;83,86;83,79;0;343624;0,07
26,55;83,8;83,73;0;343632;0,07
26,54;83,73;83,67;0;343588;0,06
26,53;83,64;83,6;0;343608;0,04
26,51;83,58;83,53;0;343564;0,05
26,51;83,46;83,44;0;343652;0,02
26,49;83,39;83,35;0;343508;0,04
26,48;83,31;83,26;0;343664;0,05
26,47;83,24;83,18;0;343680;0,06
26,45;83,13;83,14;0;343628;0,01
26,44;83,01;83,09;0;343744;0,08
26,42;82,95;82,99;0;343768;0,04
26,4;82,83;82,88;0;344092;0,05
26,38;82,78;82,74;0;344088;0,04
26,36;82,7;82,69;0;344120;0,01
26,35;82,62;82,6;0;344076;0,02
26,35;82,55;82,53;0;344152;0,02
26,33;82,42;82,46;0;344120;0,04
26,33;82,33;82,34;0;344116;0,01
26,32;82,41;82,25;0;344096;0,16
26,32;82,3;82,18;0;344112;0,12
26,32;82,19;82,15;0;344108;0,04
26,3;82,06;82,05;0;344096;0,01
26,28;81,98;82,02;0;344088;0,04
26,25;82,11;81,87;0;344116;0,24
26,23;82,02;81,78;0;344088;0,24
26,22;81,84;81,66;0;344136;0,18
26,21;81,72;81,58;0;344148;0,14
26,19;81,56;81,49;0;344396;0,07
26,17;81,5;81,38;0;344452;0,12
26,16;81,37;81,25;0;344572;0,12
26,16;81,31;81,14;0;344960;0,17
26,15;81,23;81,06;0;345208;0,17
26,15;81,14;80,97;0;345292;0,17
26,14;81,04;80,88;0;345504;0,16
26,12;80,89;80,78;0;345816;0,11
26,1;80,84;80,68;0;345508;0,16
26,08;80,75;80,6;0;345648;0,15
26,06;80,69;80,51;0;345604;0,18
26,04;80,56;80,45;0;345484;0,11
26,03;80,47;80,38;0;345472;0,09
26,01;80,4;80,29;0;345368;0,11
25,99;80,32;80,24;0;345192;0,08
25,98;80,26;80,15;0;344856;0,11
25,97;80,19;80,09;0;344724;0,1
25,97;80,09;80,01;0;344596;0,08
25,96;80,03;79,91;0;344532;0,12
25,96;79,94;79,83;0;344544;0,11
25,95;79,87;79,77;0;344416;0,1
25,95;79,81;79,65;0;344500;0,16
25,94;79,76;79,62;0;344424;0,14
25,93;79,65;79,51;0;344620;0,14
25,92;79,6;79,37;0;344800;0,23
25,92;79,52;79,31;0;344816;0,21
25,91;79,44;79,23;0;344972;0,21
25,9;79,34;79,16;0;344968;0,18
25,89;79,25;79,08;0;345296;0,17
25,88;79,17;78,95;0;345652;0,22
25,86;79,11;78,9;0;345692;0,21
25,85;78,98;78,76;0;345760;0,22
25,84;78,9;78,68;0;345928;0,22
25,84;78,87;78,61;0;345780;0,26
25,83;78,76;78,53;0;345992;0,23
25,83;78,67;78,48;0;346268;0,19
25,83;78,64;78,44;0;346000;0,2
25,83;78,56;78,35;0;346008;0,21
25,84;78,48;78,31;0;346080;0,17
25,84;78,42;78,25;0;345692;0,17
25,84;78,36;78,2;0;345516;0,16
25,85;78,29;78,17;0;345444;0,12
25,84;78,24;78,08;0;345444;0,16
25,85;78,12;78,03;0;345292;0,09
25,85;78,03;77,95;0;345136;0,08
25,85;77,96;77,89;0;344952;0,07
25,85;77,92;77,79;0;344748;0,13
25,85;77,84;77,74;0;344676;0,1
25,84;77,8;77,69;0;344752;0,11
25,84;77,72;77,6;0;344808;0,12
25,84;77,68;77,54;0;344728;0,14
25,83;77,59;77,45;0;344824;0,14
25,83;77,52;77,33;0;345096;0,19
25,82;77,48;77,3;0;345164;0,18
25,82;77,41;77,23;0;345168;0,18
25,81;77,33;77,18;0;345488;0,15
25,81;77,31;77,13;0;345612;0,18
25,81;77,21;76,99;0;345848;0,22
25,81;77,14;76,9;0;346236;0,24
25,8;77,04;76,82;0;346192;0,22
25,81;77,03;76,76;0;346148;0,27
25,81;76,96;76,7;0;345872;0,26
25,81;76,92;76,66;0;345832;0,26
25,8;76,88;76,62;0;345432;0,26
25,79;76,81;76,58;0;344996;0,23
25,77;76,76;76,55;0;344972;0,21
25,77;76,67;76,5;0;344792;0,17
25,76;76,6;76,43;0;344612;0,17
25,75;76,57;76,37;0;344228;0,2
25,75;76,49;76,35;0;344384;0,14
25,74;76,43;76,27;0;344208;0,16
25,74;76,4;76,22;0;344088;0,18
25,73;76,34;76,14;0;344124;0,2
25,72;76,26;76,05;0;344128;0,21
25,71;76,15;76,02;0;344244;0,13
25,69;76,11;75,94;0;344132;0,17
25,69;76,03;75,87;0;344088;0,16
25,67;75,95;75,82;0;344284;0,13
25,66;75,92;75,74;0;344272;0,18
25,65;75,84;75,67;0;344300;0,17
25,63;75,75;75,61;0;344280;0,14
25,62;75,72;75,53;0;344204;0,19
25,61;75,62;75,44;0;344312;0,18
25,6;75,57;75,4;0;344112;0,17
25,59;75,46;75,33;0;344260;0,13
25,59;75,42;75,28;0;344252;0,14
25,58;75,34;75,22;0;344308;0,12
25,58;75,24;75,14;0;344316;0,1
25,57;75,18;75,1;0;344100;0,08
25,57;75,11;75,01;0;344280;0,1
25,57;75,02;74,95;0;344100;0,07
25,57;74,99;74,9;0;344088;0,09
25,57;74,93;74,84;0;344144;0,09
25,55;74,87;74,77;0;344140;0,1
25,55;74,84;74,74;0;344040;0,1
25,55;74,76;74,65;0;343968;0,11
25,55;74,63;74,55;0;344164;0,08
25,55;74,6;74,47;0;344204;0,13
25,54;74,57;74,41;0;344144;0,16
25,54;74,51;74,35;0;344084;0,16
25,54;74,43;74,3;0;344096;0,13
25,54;74,36;74,23;0;344112;0,13
25,54;74,3;74,2;0;344044;0,1
25,53;74,22;74,13;0;344104;0,09
25,53;74,15;74,07;0;344048;0,08
25,53;74,09;73,97;0;344104;0,12
25,52;74,03;73,93;0;344116;0,1
25,51;73,95;73,86;0;344240;0,09
25,5;73,88;73,78;0;344292;0,1
25,49;73,81;73,71;0;344484;0,1
25,49;73,75;73,64;0;344420;0,11
25,48;73,73;73,54;0;344420;0,19
25,47;73,64;73,48;0;344460;0,16
25,46;73,56;73,42;0;344604;0,14
25,46;73,54;73,35;0;344620;0,19
25,46;73,46;73,29;0;344764;0,17
25,45;73,41;73,23;0;344820;0,18
25,44;73,3;73,17;0;344796;0,13
25,43;73,24;73,08;0;344852;0,16
25,43;73,18;73,01;0;344820;0,17
25,42;73,1;72,95;0;344692;0,15
25,42;73,05;72,9;0;344796;0,15
25,42;73,02;72,82;0;344812;0,2
25,4;72,97;72,76;0;344908;0,21
25,41;72,92;72,69;0;344772;0,23
25,4;72,83;72,63;0;344812;0,2
25,38;72,79;72,54;0;344952;0,25
25,38;72,74;72,49;0;344792;0,25
25,37;72,65;72,41;0;344784;0,24
25,37;72,6;72,35;0;344908;0,25
25,37;72,56;72,3;0;344800;0,26
25,36;72,51;72,21;0;344668;0,3
25,35;72,46;72,16;0;344712;0,3
25,33;72,42;72,13;0;344700;0,29
25,33;72,34;72,06;0;344572;0,28
25,33;72,26;71,99;0;344636;0,27
25,32;72,19;71,95;0;344608;0,24
25,32;72,14;71,87;0;344596;0,27
25,32;72,06;71,85;0;344608;0,21
25,33;72,03;71,76;0;344628;0,27
25,33;71,96;71,71;0;344620;0,25
25,32;71,9;71,62;0;344464;0,28
25,33;71,81;71,55;0;344596;0,26
25,33;71,76;71,5;0;344532;0,26
25,33;71,66;71,44;0;344484;0,22
25,33;71,6;71,39;0;344376;0,21
25,33;71,53;71,33;0;344248;0,2
25,34;71,48;71,32;0;344236;0,16
25,34;71,38;71,27;0;344252;0,11
25,35;71,35;71,16;0;344260;0,19
25,35;71,26;71,12;0;343956;0,14
25,35;71,2;71,05;0;343928;0,15
25,35;71,18;71,05;0;344104;0,13
25,36;71,15;70,98;0;344112;0,17
25,36;71,13;70,94;0;344092;0,19
25,36;71,1;70,9;0;344248;0,2
25,37;71,07;70,87;0;344140;0,2
25,38;71,04;70,79;0;344144;0,25
25,38;70,94;70,72;0;344408;0,22
25,38;70,9;70,64;0;344456;0,26
25,38;70,84;70,63;0;344284;0,21
25,38;70,75;70,55;0;344508;0,2
25,37;70,66;70,47;0;344572;0,19
25,38;70,64;70,4;0;344540;0,24
25,38;70,61;70,37;0;344488;0,24
25,37;70,52;70,33;0;344608;0,19
25,37;70,5;70,28;0;344668;0,22
25,37;70,42;70,21;0;344720;0,21
25,36;70,37;70,17;0;344660;0,2
25,36;70,36;70,08;0;344596;0,28
25,36;70,27;70,03;0;344604;0,24
25,35;70,29;69,96;0;344656;0,33
25,33;70,24;69,88;0;344640;0,36
25,34;70,37;69,75;0;344504;0,62
25,33;70,54;69,54;0;344588;1
25,33;70,58;69,32;0;344444;1,26
25,33;70,49;68,95;0;344672;1,54
25,33;70,32;68,59;0;344760;1,73
25,32;70,15;68,28;0;344776;1,87
25,32;69,94;67,96;0;344644;1,98
25,31;69,71;67,58;0;344784;2,13
25,31;69,51;67,28;0;344908;2,23
25,32;69,19;66,94;0;344816;2,25
25,33;68,95;66,71;0;344856;2,24
25,35;68,67;66,47;0;344776;2,2
25,37;68,43;66,16;0;344612;2,27