,fname,labels
2,001ec0ad.wav,Finger_snapping
4,0026f116.wav,Finger_snapping
30,0217540b.wav,Zipper_(clothing)
51,030d5b55.wav,Finger_snapping
56,037b9243.wav,Marimba_and_xylophone
64,03ea2668.wav,Finger_snapping
66,03f91aaf.wav,Keys_jangling
71,0435216a.wav,Keys_jangling
77,047fd092.wav,Marimba_and_xylophone
87,04eb6226.wav,Marimba_and_xylophone
89,055a129d.wav,Skateboard
94,0595bce6.wav,Marimba_and_xylophone
103,062bb637.wav,Computer_keyboard
113,069d8df9.wav,Finger_snapping
129,076f25a3.wav,Keys_jangling
132,078987a1.wav,Marimba_and_xylophone
142,07cc5d69.wav,Marimba_and_xylophone
143,07d58bea.wav,Marimba_and_xylophone
150,0823f693.wav,Printer
151,082b10d7.wav,Gong
157,0853e0df.wav,Marimba_and_xylophone
167,08ecbabe.wav,Printer
181,09be0615.wav,Marimba_and_xylophone
207,0b8ec4ea.wav,Printer
213,0baae49b.wav,Keys_jangling
219,0bedc75d.wav,Gong
237,0cd1b919.wav,Keys_jangling
254,0daef120.wav,Gong
261,0e2bd984.wav,Gong
265,0e4f400a.wav,Computer_keyboard
268,0e7f526e.wav,Gong
269,0e97fc0c.wav,Keys_jangling
271,0ea2b567.wav,Keys_jangling
275,0ecc5527.wav,Printer
293,0f8eb9a4.wav,Marimba_and_xylophone
297,0faeaee0.wav,Marimba_and_xylophone
312,10896108.wav,Computer_keyboard
317,10c821a2.wav,Finger_snapping
324,113d718f.wav,Scissors
326,1160023b.wav,Computer_keyboard
358,13313897.wav,Zipper_(clothing)
370,13f90488.wav,Gong
379,14670333.wav,Computer_keyboard
381,14778c22.wav,Scissors
389,1536cdfe.wav,Zipper_(clothing)
390,1556167f.wav,Keys_jangling
400,15a065ae.wav,Keys_jangling
411,16316726.wav,Finger_snapping
414,1645eb58.wav,Marimba_and_xylophone
416,169e40a6.wav,Scissors
417,16b49662.wav,Printer
437,17bccba6.wav,Printer
447,1829fa7f.wav,Scissors
456,1888b369.wav,Scissors
460,18afb50b.wav,Skateboard
464,19105052.wav,Computer_keyboard
466,192bacfd.wav,Scissors
470,1974b562.wav,Skateboard
485,1a598ecc.wav,Zipper_(clothing)
494,1b033cd6.wav,Skateboard
495,1b1dc76c.wav,Computer_keyboard
496,1b288941.wav,Printer
499,1b3eca9e.wav,Marimba_and_xylophone
504,1b7bfce2.wav,Zipper_(clothing)
513,1c2c8b7e.wav,Gong
515,1c46064a.wav,Keys_jangling
527,1d0d3df0.wav,Scissors
530,1d316f64.wav,Printer
532,1d3bc071.wav,Computer_keyboard
540,1db95302.wav,Marimba_and_xylophone
544,1dc4ef89.wav,Gong
553,1e3cabb3.wav,Zipper_(clothing)
566,1f0aabd0.wav,Marimba_and_xylophone
574,1f5cc6b7.wav,Skateboard
586,1fa867aa.wav,Finger_snapping
601,208f8291.wav,Printer
603,209eb37d.wav,Computer_keyboard
606,20ae2882.wav,Skateboard
610,20e57534.wav,Zipper_(clothing)
614,21065bd2.wav,Marimba_and_xylophone
617,211717bf.wav,Skateboard
619,211d5b90.wav,Zipper_(clothing)
623,217bde78.wav,Scissors
624,217beeff.wav,Marimba_and_xylophone
645,22af36ad.wav,Keys_jangling
654,22f79420.wav,Skateboard
665,236a3c5b.wav,Gong
668,2382e924.wav,Printer
676,23e73d11.wav,Zipper_(clothing)
682,241cab5c.wav,Scissors
686,2442866d.wav,Printer
703,25491b93.wav,Zipper_(clothing)
705,256ca03e.wav,Zipper_(clothing)
706,2572b0a2.wav,Scissors
712,25f91c87.wav,Finger_snapping
716,26213be3.wav,Marimba_and_xylophone
722,2650688f.wav,Zipper_(clothing)
726,26831106.wav,Gong
741,276696fe.wav,Skateboard
744,279b2071.wav,Gong
745,27b8aa89.wav,Zipper_(clothing)
750,27f74f04.wav,Marimba_and_xylophone
755,2821793b.wav,Computer_keyboard
759,2842633f.wav,Keys_jangling
769,287fcee9.wav,Printer
774,28a86dd4.wav,Scissors
778,28cd6c24.wav,Marimba_and_xylophone
782,28fe2649.wav,Keys_jangling
800,2a10a3cb.wav,Printer
808,2a4385f4.wav,Marimba_and_xylophone
810,2a5d34c8.wav,Computer_keyboard
818,2adeca51.wav,Computer_keyboard
820,2ae9e186.wav,Keys_jangling
822,2b05accf.wav,Printer
842,2c4c8c2e.wav,Marimba_and_xylophone
849,2cac02f7.wav,Printer
855,2ce5262c.wav,Finger_snapping
870,2db2b9e8.wav,Finger_snapping
872,2de86075.wav,Printer
875,2e35d1ae.wav,Skateboard
882,2e8763ab.wav,Keys_jangling
892,2ecc2d2b.wav,Marimba_and_xylophone
896,2f1c4765.wav,Gong
899,2f3750d3.wav,Gong
910,2ffda273.wav,Finger_snapping
911,30180329.wav,Scissors
912,303f67ff.wav,Zipper_(clothing)
914,30662e2a.wav,Skateboard
927,30e8ee66.wav,Gong
932,310ef563.wav,Skateboard
955,323fe68f.wav,Finger_snapping
962,32b3d1cc.wav,Marimba_and_xylophone
969,32ec2454.wav,Computer_keyboard
980,338e278d.wav,Computer_keyboard
985,33c04154.wav,Computer_keyboard
988,33eb501f.wav,Marimba_and_xylophone
992,3426759f.wav,Gong
994,344bc484.wav,Gong
1003,3471f18a.wav,Finger_snapping
1004,34746b28.wav,Marimba_and_xylophone
1009,34914bc9.wav,Zipper_(clothing)
1013,34cb4362.wav,Skateboard
1014,34ce2dee.wav,Gong
1015,34d26a2e.wav,Zipper_(clothing)
1017,34fc5bb9.wav,Computer_keyboard
1024,35cb2141.wav,Gong
1025,35cd3f3d.wav,Keys_jangling
1026,35d474fc.wav,Skateboard
1039,3674f6d5.wav,Scissors
1048,36d1f8e5.wav,Scissors
1075,37dba7fa.wav,Marimba_and_xylophone
1076,37e820ce.wav,Printer
1087,38828531.wav,Gong
1088,388dffee.wav,Gong
1093,38e5a075.wav,Computer_keyboard
1116,39fd3bd4.wav,Computer_keyboard
1118,3a16fde2.wav,Computer_keyboard
1132,3ac1bcfe.wav,Scissors
1135,3aea7186.wav,Printer
1165,3caae121.wav,Gong
1168,3ce0ce88.wav,Printer
1171,3d1b2f47.wav,Skateboard
1175,3d43b112.wav,Skateboard
1182,3dc0832c.wav,Skateboard
1198,3ea8aa02.wav,Gong
1201,3ec7ee97.wav,Marimba_and_xylophone
1207,3efd8162.wav,Skateboard
1211,3f32d7cb.wav,Printer
1214,3f5178d0.wav,Computer_keyboard
1224,3fec15a0.wav,Zipper_(clothing)
1225,3ff8b27b.wav,Gong
1232,406ab1e3.wav,Scissors
1236,408dfb58.wav,Zipper_(clothing)
1258,41b8b3d8.wav,Printer
1261,41d42589.wav,Zipper_(clothing)
1263,4202d212.wav,Computer_keyboard
1275,42d9173e.wav,Zipper_(clothing)
1300,4446b92a.wav,Gong
1321,45653d4f.wav,Skateboard
1325,45940fd0.wav,Keys_jangling
1339,46179365.wav,Zipper_(clothing)
1357,46bd52a4.wav,Keys_jangling
1361,46dc70fc.wav,Zipper_(clothing)
1376,4776db7d.wav,Finger_snapping
1382,47b76d15.wav,Keys_jangling
1398,48d4d18c.wav,Gong
1399,48d8ca20.wav,Skateboard
1402,490d8160.wav,Scissors
1410,497f13f0.wav,Gong
1411,499c95f6.wav,Finger_snapping
1412,499eb4e5.wav,Keys_jangling
1413,49a9d143.wav,Marimba_and_xylophone
1416,49c859d9.wav,Gong
1418,49cc7d13.wav,Zipper_(clothing)
1443,4b5d4bc7.wav,Skateboard
1444,4b782e2e.wav,Keys_jangling
1462,4c203503.wav,Printer
1474,4c9da128.wav,Keys_jangling
1481,4d3dd409.wav,Printer
1483,4d446a5e.wav,Gong
1485,4d5661e9.wav,Gong
1515,4f222c8b.wav,Keys_jangling
1517,4f246773.wav,Zipper_(clothing)
1522,4f58089f.wav,Skateboard
1526,4f91f8ca.wav,Printer
1528,4f9f40f8.wav,Printer
1531,4fae498c.wav,Zipper_(clothing)
1534,4fbd90c3.wav,Finger_snapping
1549,509cc9fe.wav,Printer
1551,50bd2a38.wav,Scissors
1553,50d1c179.wav,Keys_jangling
1559,50fa6fbd.wav,Printer
1561,510d8c9c.wav,Zipper_(clothing)
1576,51ee8a25.wav,Marimba_and_xylophone
1581,5238acfc.wav,Zipper_(clothing)
1597,52c42a5c.wav,Computer_keyboard
1615,5376d249.wav,Computer_keyboard
1618,53aa8182.wav,Keys_jangling
1625,5435ddab.wav,Scissors
1630,547f257e.wav,Computer_keyboard
1634,549f3e73.wav,Zipper_(clothing)
1645,54fc69c6.wav,Scissors
1653,554b49a5.wav,Zipper_(clothing)
1656,5587fc83.wav,Finger_snapping
1658,55caac26.wav,Printer
1662,55dbe2e7.wav,Printer
1666,5602171b.wav,Keys_jangling
1671,56532cff.wav,Computer_keyboard
1675,567cfc15.wav,Scissors
1683,56e716f8.wav,Computer_keyboard
1689,5748434e.wav,Gong
1698,57f5f21b.wav,Gong
1701,584b9a32.wav,Gong
1715,58f7d6cc.wav,Gong
1729,59f7b3eb.wav,Scissors
1745,5ae5198b.wav,Gong
1749,5b1705f8.wav,Printer
1752,5b43a04d.wav,Marimba_and_xylophone
1755,5b63cfce.wav,Finger_snapping
1764,5bd2fd70.wav,Gong
1767,5c0dfcb6.wav,Keys_jangling
1770,5c33e2e9.wav,Keys_jangling
1772,5c3a13e0.wav,Scissors
1775,5c4778cd.wav,Gong
1779,5c6f6103.wav,Finger_snapping
1782,5c98dcfa.wav,Gong
1787,5cf3f9f2.wav,Marimba_and_xylophone
1789,5d04ea66.wav,Scissors
1796,5d3973b5.wav,Zipper_(clothing)
1802,5d98819d.wav,Zipper_(clothing)
1804,5da0f5ad.wav,Computer_keyboard
1805,5dba01d9.wav,Marimba_and_xylophone
1825,5ef71aad.wav,Keys_jangling
1833,5f5a35f8.wav,Keys_jangling
1840,5f9e42a3.wav,Gong
1846,5fd4a297.wav,Marimba_and_xylophone
1861,608e6f9d.wav,Keys_jangling
1864,60a4cafd.wav,Keys_jangling
1865,60a5ac11.wav,Keys_jangling
1868,60be428e.wav,Printer
1926,637a5e85.wav,Scissors
1935,63f15f13.wav,Zipper_(clothing)
1938,6454762b.wav,Zipper_(clothing)
1942,6473d6f0.wav,Finger_snapping
1964,656f8157.wav,Zipper_(clothing)
1966,65976e55.wav,Printer
1968,659c93a4.wav,Scissors
1974,65b4622d.wav,Scissors
1986,6652984c.wav,Keys_jangling
2002,6721e921.wav,Skateboard
2003,673acd6f.wav,Skateboard
2010,67722d33.wav,Zipper_(clothing)
2014,67aa7a83.wav,Zipper_(clothing)
2019,67ce74f1.wav,Keys_jangling
2022,67e9ee13.wav,Gong
2057,6977a02b.wav,Computer_keyboard
2090,6b761c00.wav,Marimba_and_xylophone
2098,6be5422e.wav,Scissors
2107,6c6c57f2.wav,Computer_keyboard
2111,6c8245bf.wav,Keys_jangling
2121,6d14529e.wav,Computer_keyboard
2132,6dbe898f.wav,Keys_jangling
2142,6e6f26bc.wav,Computer_keyboard
2153,6f234575.wav,Scissors
2158,6f500b21.wav,Keys_jangling
2180,707be2ae.wav,Zipper_(clothing)
2182,70b130c6.wav,Finger_snapping
2184,70bd30b7.wav,Skateboard
2186,70cf4de7.wav,Zipper_(clothing)
2188,70f2c33d.wav,Skateboard
2193,71282096.wav,Keys_jangling
2213,7290783b.wav,Zipper_(clothing)
2226,72fa928a.wav,Scissors
2230,7337c74a.wav,Keys_jangling
2231,733c6daa.wav,Scissors
2232,73440c1f.wav,Printer
2234,7350958e.wav,Gong
2235,735fe89e.wav,Scissors
2251,744449d8.wav,Computer_keyboard
2253,74541bc4.wav,Finger_snapping
2281,7654ee3e.wav,Scissors
2285,76795e3e.wav,Computer_keyboard
2288,76ad78c3.wav,Printer
2290,76bf1389.wav,Printer
2303,774e2072.wav,Scissors
2305,775336b3.wav,Computer_keyboard
2306,7755e21b.wav,Keys_jangling
2307,775a890a.wav,Zipper_(clothing)
2323,77fd6b75.wav,Finger_snapping
2324,781c102a.wav,Skateboard
2344,79852608.wav,Scissors
2346,79b09200.wav,Finger_snapping
2357,7a162942.wav,Gong
2360,7a443296.wav,Finger_snapping
2362,7a4dd101.wav,Marimba_and_xylophone
2363,7a4ff061.wav,Gong
2378,7af5553f.wav,Zipper_(clothing)
2405,7c90ffea.wav,Computer_keyboard
2409,7cbedfcb.wav,Gong
2420,7d413a44.wav,Finger_snapping
2421,7d417387.wav,Computer_keyboard
2430,7ddd9f7b.wav,Zipper_(clothing)
2439,7e5495f8.wav,Skateboard
2442,7e6d295a.wav,Computer_keyboard
2447,7e88eb95.wav,Skateboard
2450,7ea9dcb5.wav,Scissors
2455,7ec7c7fd.wav,Zipper_(clothing)
2475,80013842.wav,Computer_keyboard
2481,804af928.wav,Skateboard
2486,8098514c.wav,Keys_jangling
2488,80a9e17f.wav,Printer
2492,80e8d76b.wav,Computer_keyboard
2494,8104e307.wav,Scissors
2510,8203d867.wav,Scissors
2525,8274e570.wav,Skateboard
2530,82c40c96.wav,Marimba_and_xylophone
2533,82f815c6.wav,Gong
2535,830ec6e4.wav,Skateboard
2541,834782ed.wav,Marimba_and_xylophone
2549,839abc3c.wav,Keys_jangling
2561,843a4653.wav,Scissors
2563,843cae8b.wav,Skateboard
2577,84e433e1.wav,Computer_keyboard
2581,84fadbf3.wav,Skateboard
2590,857e4f34.wav,Skateboard
2602,864d840f.wav,Finger_snapping
2606,86644708.wav,Printer
2615,86efa86b.wav,Gong
2619,8728d69c.wav,Printer
2626,87798ad0.wav,Zipper_(clothing)
2632,87e74683.wav,Skateboard
2634,87fe8193.wav,Finger_snapping
2636,88053677.wav,Scissors
2650,88bf48be.wav,Finger_snapping
2666,8a05deba.wav,Marimba_and_xylophone
2691,8b2ed13a.wav,Keys_jangling
2700,8bfe5b0f.wav,Gong
2721,8d112af4.wav,Keys_jangling
2723,8d1d617a.wav,Gong
2755,8e599310.wav,Scissors
2763,8eb4452b.wav,Keys_jangling
2764,8ebeb89c.wav,Gong
2771,8f237e57.wav,Marimba_and_xylophone
2773,8f345d22.wav,Skateboard
2791,900e6ee9.wav,Keys_jangling
2793,90401cda.wav,Zipper_(clothing)
2796,906abcdd.wav,Gong
2798,9071825b.wav,Zipper_(clothing)
2813,919b6b3c.wav,Keys_jangling
2822,92057299.wav,Gong
2827,925aeeff.wav,Keys_jangling
2829,92702b88.wav,Finger_snapping
2847,938869a6.wav,Marimba_and_xylophone
2848,93997e8a.wav,Marimba_and_xylophone
2855,9414c493.wav,Zipper_(clothing)
2866,94934bac.wav,Finger_snapping
2867,94a28428.wav,Scissors
2871,94e5a26e.wav,Skateboard
2875,950c4874.wav,Skateboard
2883,958e80a2.wav,Finger_snapping
2886,95a9fe29.wav,Scissors
2891,95d5b4a5.wav,Computer_keyboard
2898,962f13cd.wav,Scissors
2901,963b7038.wav,Finger_snapping
2902,96723dba.wav,Skateboard
2903,96ac18ff.wav,Marimba_and_xylophone
2906,96fde909.wav,Marimba_and_xylophone
2914,975e415a.wav,Printer
2919,9796192d.wav,Scissors
2920,979728a5.wav,Finger_snapping
2924,97b783cf.wav,Printer
2925,97bb5eb0.wav,Skateboard
2927,97f7cd56.wav,Skateboard
2952,994728a8.wav,Finger_snapping
2972,99db7bfe.wav,Skateboard
2974,9a22459e.wav,Finger_snapping
2976,9a5ef104.wav,Marimba_and_xylophone
2991,9b4411d1.wav,Skateboard
2997,9b8830ad.wav,Computer_keyboard
3021,9d066f30.wav,Gong
3022,9d1ffcd8.wav,Printer
3036,9db92700.wav,Computer_keyboard
3038,9dc5b2af.wav,Computer_keyboard
3047,9e5f8b92.wav,Finger_snapping
3053,9e8c95e3.wav,Skateboard
3054,9e8eb16c.wav,Computer_keyboard
3061,9f019ac7.wav,Keys_jangling
3065,9f1f76ea.wav,Scissors
3070,9f5c1a48.wav,Computer_keyboard
3075,9f9535fb.wav,Finger_snapping
3076,9f955137.wav,Printer
3090,a05d05d1.wav,Computer_keyboard
3098,a0ada026.wav,Zipper_(clothing)
3109,a12bcb35.wav,Scissors
3111,a153ba95.wav,Skateboard
3128,a266cd9d.wav,Computer_keyboard
3131,a2941453.wav,Marimba_and_xylophone
3134,a2a8de2c.wav,Keys_jangling
3145,a3222f41.wav,Marimba_and_xylophone
3149,a37e3d98.wav,Computer_keyboard
3150,a383510c.wav,Printer
3153,a3a20ba5.wav,Marimba_and_xylophone
3167,a4163ed6.wav,Keys_jangling
3182,a4ed3dcc.wav,Printer
3183,a5144fbd.wav,Gong
3190,a58a5cc3.wav,Zipper_(clothing)
3191,a592b6cf.wav,Gong
3193,a59f30f4.wav,Finger_snapping
3196,a5e041fb.wav,Scissors
3197,a5e2851f.wav,Marimba_and_xylophone
3198,a5f3e527.wav,Printer
3210,a6665ed2.wav,Zipper_(clothing)
3215,a6bcf2d7.wav,Computer_keyboard
3216,a6d71f37.wav,Marimba_and_xylophone
3218,a6e9d352.wav,Scissors
3233,a7b86ac6.wav,Skateboard
3237,a7ea7a8d.wav,Zipper_(clothing)
3246,a8398ca8.wav,Scissors
3247,a849d801.wav,Zipper_(clothing)
3249,a859d562.wav,Printer
3259,a8e4a91e.wav,Scissors
3264,a90c5f98.wav,Scissors
3268,a926ff23.wav,Skateboard
3279,a9e97fb7.wav,Zipper_(clothing)
3280,a9eeb230.wav,Printer
3283,aa1d74f7.wav,Printer
3292,aa8d36ba.wav,Zipper_(clothing)
3297,aadc680e.wav,Marimba_and_xylophone
3301,ab0c7cec.wav,Finger_snapping
3302,ab142cf0.wav,Zipper_(clothing)
3311,abc7ddef.wav,Printer
3321,ac2cd845.wav,Finger_snapping
3332,acbb5ca4.wav,Printer
3334,acc996fc.wav,Finger_snapping
3346,ad4fbd43.wav,Marimba_and_xylophone
3363,ae1d4d55.wav,Zipper_(clothing)
3365,ae350ecf.wav,Zipper_(clothing)
3376,aec32e4d.wav,Finger_snapping
3378,aece8573.wav,Marimba_and_xylophone
3393,af6d9b0c.wav,Marimba_and_xylophone
3394,af783a53.wav,Keys_jangling
3395,af7b5bab.wav,Scissors
3397,afa527b3.wav,Finger_snapping
3407,b0191349.wav,Finger_snapping
3409,b029a39d.wav,Computer_keyboard
3416,b0aa3d8c.wav,Skateboard
3420,b146e8a0.wav,Computer_keyboard
3424,b1854b62.wav,Finger_snapping
3429,b1d8010d.wav,Scissors
3438,b2196421.wav,Zipper_(clothing)
3444,b254264e.wav,Scissors
3447,b2737207.wav,Scissors
3449,b27e47c4.wav,Gong
3454,b2c90347.wav,Finger_snapping
3455,b2d48b5f.wav,Printer
3472,b3f0e45d.wav,Computer_keyboard
3476,b44cf2ae.wav,Marimba_and_xylophone
3477,b465b9ad.wav,Skateboard
3482,b4b3de11.wav,Finger_snapping
3491,b500c0af.wav,Skateboard
3494,b50e3ef6.wav,Printer
3497,b523777c.wav,Skateboard
3498,b52d7a5f.wav,Printer
3503,b56b8465.wav,Zipper_(clothing)
3508,b5be6d4d.wav,Computer_keyboard
3529,b6b1b85d.wav,Computer_keyboard
3551,b7b60a26.wav,Gong
3564,b831ef0b.wav,Zipper_(clothing)
3570,b8530b6a.wav,Skateboard
3573,b85a0012.wav,Printer
3582,b921f511.wav,Keys_jangling
3585,b955bc8e.wav,Scissors
3590,b993baba.wav,Zipper_(clothing)
3596,b9dbda89.wav,Computer_keyboard
3604,ba48bf05.wav,Scissors
3612,babceabf.wav,Computer_keyboard
3623,bb44c157.wav,Marimba_and_xylophone
3625,bb61aa7a.wav,Keys_jangling
3641,bc3daf53.wav,Finger_snapping
3648,bc744c59.wav,Keys_jangling
3658,bcc0b88b.wav,Skateboard
3661,bd023007.wav,Skateboard
3662,bd053224.wav,Keys_jangling
3663,bd11eb6d.wav,Printer
3664,bd188967.wav,Gong
3669,bd438a05.wav,Skateboard
3671,bd590943.wav,Zipper_(clothing)
3673,bda07ed4.wav,Marimba_and_xylophone
3677,bdf596f6.wav,Scissors
3681,be1ece3b.wav,Computer_keyboard
3684,be3e2862.wav,Skateboard
3688,beb819f0.wav,Scissors
3689,beba9e15.wav,Skateboard
3699,bf31a25c.wav,Printer
3708,bf647bef.wav,Finger_snapping
3716,bfa468d0.wav,Computer_keyboard
3720,bfb5b77c.wav,Computer_keyboard
3721,bfb89528.wav,Gong
3722,bfbda4bc.wav,Computer_keyboard
3727,bfe4fb2f.wav,Skateboard
3728,c004299e.wav,Gong
3736,c076dac9.wav,Scissors
3740,c09eeca9.wav,Skateboard
3748,c0dce5bf.wav,Marimba_and_xylophone
3749,c0eef722.wav,Printer
3778,c20d1733.wav,Zipper_(clothing)
3783,c23c20b0.wav,Computer_keyboard
3789,c2ab759e.wav,Marimba_and_xylophone
3813,c3b90ceb.wav,Printer
3819,c40189a3.wav,Marimba_and_xylophone
3825,c46e1418.wav,Zipper_(clothing)
3840,c4ceb0c0.wav,Scissors
3852,c580abd5.wav,Skateboard
3864,c61682e1.wav,Marimba_and_xylophone
3869,c64c9c15.wav,Skateboard
3872,c660f74a.wav,Printer
3874,c6a1d90c.wav,Marimba_and_xylophone
3890,c78180ce.wav,Marimba_and_xylophone
3898,c8184b62.wav,Marimba_and_xylophone
3915,c8e45811.wav,Zipper_(clothing)
3916,c8e47622.wav,Computer_keyboard
3924,c99f7507.wav,Gong
3929,c9fbd52c.wav,Computer_keyboard
3932,ca178ca2.wav,Printer
3945,cb0679bf.wav,Gong
3948,cb1f43db.wav,Keys_jangling
3949,cb2c8e83.wav,Gong
3950,cb359774.wav,Printer
3959,cbd6b836.wav,Gong
3971,cc7b400c.wav,Zipper_(clothing)
3972,cc800b86.wav,Marimba_and_xylophone
3973,cc8555d3.wav,Finger_snapping
3989,cd2ad3c6.wav,Keys_jangling
3999,ce1d6001.wav,Skateboard
4009,ce9e34d5.wav,Keys_jangling
4021,cf08afd3.wav,Gong
4025,cf3c79d1.wav,Keys_jangling
4028,cf809980.wav,Zipper_(clothing)
4035,d009d7a0.wav,Zipper_(clothing)
4042,d0ba8b8a.wav,Finger_snapping
4045,d1018962.wav,Scissors
4055,d1af3039.wav,Gong
4058,d1d84ca9.wav,Keys_jangling
4074,d2ae71ec.wav,Printer
4080,d2f6b342.wav,Computer_keyboard
4128,d59e2ed2.wav,Marimba_and_xylophone
4159,d6eb1245.wav,Skateboard
4186,d89dac44.wav,Computer_keyboard
4193,d9181291.wav,Scissors
4194,d91a05e3.wav,Scissors
4200,d9833078.wav,Printer
4201,d9a2bbd4.wav,Printer
4208,da10b0b4.wav,Skateboard
4218,da84ebf3.wav,Keys_jangling
4220,da971924.wav,Printer
4237,db3b8df4.wav,Computer_keyboard
4240,db70946f.wav,Gong
4247,dba11d27.wav,Finger_snapping
4249,dbb59c2c.wav,Keys_jangling
4253,dbd399d7.wav,Finger_snapping
4257,dc110c4d.wav,Skateboard
4277,dd1ef3b2.wav,Skateboard
4284,dd99e62f.wav,Scissors
4294,de14cce1.wav,Zipper_(clothing)
4295,de163b3e.wav,Keys_jangling
4297,de4de5a3.wav,Skateboard
4307,deb78815.wav,Printer
4319,df6e272c.wav,Scissors
4326,dfb875c8.wav,Marimba_and_xylophone
4330,dfe243ac.wav,Zipper_(clothing)
4351,e0cc32be.wav,Keys_jangling
4357,e15c5a89.wav,Scissors
4361,e168b4e9.wav,Printer
4363,e18e88f1.wav,Finger_snapping
4364,e1929538.wav,Computer_keyboard
4371,e1dc44f4.wav,Skateboard
4373,e1f73b1a.wav,Computer_keyboard
4374,e1f75797.wav,Gong
4382,e271395a.wav,Finger_snapping
4401,e339765a.wav,Finger_snapping
4410,e3dbb572.wav,Zipper_(clothing)
4417,e409f09f.wav,Keys_jangling
4428,e4dfcd9d.wav,Finger_snapping
4429,e4e25c81.wav,Scissors
4439,e5805ab2.wav,Finger_snapping
4443,e5c21d14.wav,Skateboard
4466,e6eead5a.wav,Printer
4471,e7199e59.wav,Zipper_(clothing)
4478,e77f5c88.wav,Finger_snapping
4479,e7848dbf.wav,Finger_snapping
4517,e9586170.wav,Finger_snapping
4521,e989f9f4.wav,Finger_snapping
4528,ea4206df.wav,Keys_jangling
4540,eaef871f.wav,Gong
4564,ec1444e0.wav,Printer
4570,ec642636.wav,Computer_keyboard
4573,ec7d7266.wav,Finger_snapping
4584,ecf14238.wav,Printer
4589,ed19cb7d.wav,Scissors
4607,eddce22d.wav,Keys_jangling
4609,ede8d21c.wav,Finger_snapping
4617,ee1e3293.wav,Keys_jangling
4621,ee6559a6.wav,Marimba_and_xylophone
4623,ee6e2196.wav,Marimba_and_xylophone
4627,ee96a5f9.wav,Scissors
4632,eec6c7b1.wav,Gong
4636,eedff032.wav,Finger_snapping
4642,ef2dac94.wav,Scissors
4658,efcfca56.wav,Skateboard
4673,f0ac3dba.wav,Keys_jangling
4678,f0dd3da8.wav,Scissors
4680,f0e7f5da.wav,Printer
4684,f100ecf5.wav,Keys_jangling
4685,f1015c40.wav,Finger_snapping
4687,f11d9697.wav,Computer_keyboard
4696,f1a847da.wav,Marimba_and_xylophone
4701,f2108262.wav,Finger_snapping
4712,f2833124.wav,Skateboard
4714,f291b5f4.wav,Finger_snapping
4723,f329b17f.wav,Gong
4735,f417b1e4.wav,Computer_keyboard
4740,f479e7f9.wav,Scissors
4745,f49eab9e.wav,Finger_snapping
4750,f4d14079.wav,Keys_jangling
4756,f520d1e8.wav,Skateboard
4758,f52a8570.wav,Computer_keyboard
4772,f5e962db.wav,Skateboard
4774,f604a8be.wav,Marimba_and_xylophone
4778,f64b4c3c.wav,Marimba_and_xylophone
4779,f65784cc.wav,Marimba_and_xylophone
4782,f686556a.wav,Marimba_and_xylophone
4786,f6b049f3.wav,Gong
4788,f6cb7750.wav,Computer_keyboard
4789,f6d1a5bd.wav,Gong
4819,f88f7c6d.wav,Printer
4828,f8ffc4fc.wav,Skateboard
4831,f91d90ae.wav,Zipper_(clothing)
4842,f996dcc2.wav,Gong
4846,f9e77e83.wav,Marimba_and_xylophone
4851,fa17393b.wav,Printer
4856,fa4f3c38.wav,Computer_keyboard
4862,fade94a8.wav,Keys_jangling
4863,fae62f56.wav,Zipper_(clothing)
4868,fb4a6a7a.wav,Finger_snapping
4882,fc01bdda.wav,Finger_snapping
4883,fc09392b.wav,Gong
4891,fc8e862c.wav,Scissors
4894,fc9f71b9.wav,Finger_snapping
4902,fccc71f1.wav,Zipper_(clothing)
4905,fce70845.wav,Gong
4909,fd273d55.wav,Printer
4911,fd35acde.wav,Finger_snapping
4915,fd80ffd3.wav,Gong
4935,fe485cb6.wav,Keys_jangling
4962,ffa689eb.wav,Printer
